date_time,PM2.5,temp,wind speed,wind dir
2020-07-01 00:00:00,5.0,28.5,47,270
2020-07-01 06:00:00,3.0,27.8,46,260
2020-07-01 12:00:00,8.0,29.6,38,250
2020-07-01 18:00:00,8.0,29.3,36,270
2020-07-02 00:00:00,6.0,28.8,50,280
2020-07-02 06:00:00,2.0,28.1,36,270
2020-07-02 12:00:00,8.0,29.5,39,260
2020-07-02 18:00:00,4.0,29.0,41,255
2020-07-03 00:00:00,2.0,28.5,42,265
2020-07-03 06:00:00,8.0,27.8,38,285
2020-07-03 12:00:00,6.0,29.1,36,260
2020-07-03 18:00:00,11.0,28.7,39,250
2020-07-04 00:00:00,13.0,27.5,47,245
2020-07-04 06:00:00,17.0,27.7,42,255
2020-07-04 12:00:00,15.0,28.8,38,260
2020-07-04 18:00:00,11.0,28.8,35,270
2020-07-05 00:00:00,18.0,28.0,33,280
2020-07-05 06:00:00,5.0,27.0,29,280
2020-07-05 12:00:00,12.0,27.4,39,290
2020-07-05 18:00:00,8.0,29.4,39,285
2020-07-06 00:00:00,5.0,28.2,24,285
2020-07-06 06:00:00,8.0,27.8,28,315
2020-07-06 12:00:00,10.0,29.2,21,320
2020-07-06 18:00:00,7.0,30.2,12,305
2020-07-07 00:00:00,5.0,28.6,4,190
2020-07-07 06:00:00,3.0,28.3,13,200
2020-07-07 12:00:00,8.0,29.7,14,145
2020-07-07 18:00:00,3.0,29.7,19,160
2020-07-08 00:00:00,3.0,27.8,26,170
2020-07-08 06:00:00,3.0,27.5,25,175
2020-07-08 12:00:00,7.0,29.6,20,185
2020-07-08 18:00:00,4.0,29.6,18,190
2020-07-09 00:00:00,7.0,28.0,17,180
2020-07-09 06:00:00,9.0,27.7,12,210
2020-07-09 12:00:00,6.0,29.5,12,220
2020-07-09 18:00:00,,30.0,13,265
2020-07-10 00:00:00,6.0,28.3,11,245
2020-07-10 06:00:00,3.0,28.1,13,230
2020-07-10 12:00:00,,29.9,10,260
2020-07-10 18:00:00,4.0,30.1,14,270
2020-07-11 00:00:00,2.0,28.4,11,245
2020-07-11 06:00:00,8.0,27.8,8,275
2020-07-11 12:00:00,6.0,29.8,9,270
2020-07-11 18:00:00,2.0,30.1,10,310
2020-07-12 00:00:00,3.0,28.2,6,335
2020-07-12 06:00:00,8.0,27.9,1,240
2020-07-12 12:00:00,7.0,29.4,10,205
2020-07-12 18:00:00,6.0,29.9,14,225
2020-07-13 00:00:00,3.0,28.3,11,225
2020-07-13 06:00:00,2.0,27.4,18,225
2020-07-13 12:00:00,3.0,28.0,19,240
2020-07-13 18:00:00,9.0,29.1,12,220
2020-07-14 00:00:00,6.0,27.8,17,225
2020-07-14 06:00:00,3.0,25.7,21,250
2020-07-14 12:00:00,8.0,25.8,21,270
2020-07-14 18:00:00,1.0,28.9,15,300
2020-07-15 00:00:00,3.0,27.8,13,305
2020-07-15 06:00:00,3.0,27.6,12,270
2020-07-15 12:00:00,11.0,29.0,13,265
2020-07-15 18:00:00,6.0,28.6,16,285
2020-07-16 00:00:00,2.0,27.9,17,280
2020-07-16 06:00:00,16.0,27.5,11,280
2020-07-16 12:00:00,8.0,29.3,9,290
2020-07-16 18:00:00,,29.2,20,270
2020-07-17 00:00:00,11.0,28.0,18,245
2020-07-17 06:00:00,9.0,27.5,18,210
2020-07-17 12:00:00,7.0,29.3,10,240
2020-07-17 18:00:00,,29.8,11,255
2020-07-18 00:00:00,9.0,28.1,7,230
2020-07-18 06:00:00,7.0,27.7,6,205
2020-07-18 12:00:00,10.0,29.8,4,185
2020-07-18 18:00:00,4.0,30.5,8,200
2020-07-19 00:00:00,2.0,28.4,7,185
2020-07-19 06:00:00,8.0,28.1,12,190
2020-07-19 12:00:00,7.0,29.9,8,170
2020-07-19 18:00:00,3.0,30.2,11,250
2020-07-20 00:00:00,6.0,28.5,9,225
2020-07-20 06:00:00,7.0,27.9,4,285
2020-07-20 12:00:00,7.0,29.9,2,195
2020-07-20 18:00:00,8.0,30.2,2,205
2020-07-21 00:00:00,8.0,28.1,6,175
2020-07-21 06:00:00,10.0,27.6,8,130
2020-07-21 12:00:00,9.0,28.9,5,120
2020-07-21 18:00:00,7.0,29.6,10,155
2020-07-22 00:00:00,12.0,28.3,12,170
2020-07-22 06:00:00,11.0,27.6,7,210
2020-07-22 12:00:00,7.0,29.5,12,145
2020-07-22 18:00:00,11.0,29.4,16,155
2020-07-23 00:00:00,8.0,28.1,17,165
2020-07-23 06:00:00,7.0,27.4,19,180
2020-07-23 12:00:00,10.0,29.7,11,210
2020-07-23 18:00:00,,30.0,8,255
2020-07-24 00:00:00,5.0,28.2,6,225
2020-07-24 06:00:00,9.0,27.7,6,215
2020-07-24 12:00:00,9.0,28.0,6,135
2020-07-24 18:00:00,11.0,28.4,5,330
2020-07-25 00:00:00,10.0,27.6,2,255
2020-07-25 06:00:00,7.0,27.3,7,200
2020-07-25 12:00:00,8.0,28.5,3,180
2020-07-25 18:00:00,3.0,30.1,12,190
2020-07-26 00:00:00,8.0,28.2,18,175
2020-07-26 06:00:00,4.0,27.8,21,190
2020-07-26 12:00:00,,29.8,19,195
2020-07-26 18:00:00,3.0,30.2,22,225
2020-07-27 00:00:00,3.0,28.5,19,225
2020-07-27 06:00:00,5.0,27.8,16,240
2020-07-27 12:00:00,4.0,30.0,18,220
2020-07-27 18:00:00,4.0,30.2,15,235
2020-07-28 00:00:00,2.0,28.4,16,225
2020-07-28 06:00:00,3.0,28.2,13,225
2020-07-28 12:00:00,5.0,30.2,9,250
2020-07-28 18:00:00,8.0,30.2,13,250
2020-07-29 00:00:00,7.0,28.6,18,260
2020-07-29 06:00:00,3.0,28.0,18,290
2020-07-29 12:00:00,12.0,30.2,18,305
2020-07-29 18:00:00,12.0,30.4,27,310
2020-07-30 00:00:00,3.0,28.7,31,300
2020-07-30 06:00:00,10.0,27.8,31,260
2020-07-30 12:00:00,6.0,29.3,29,265
2020-07-30 18:00:00,3.0,30.2,35,290
2020-07-31 00:00:00,6.0,28.9,26,300
2020-07-31 06:00:00,3.0,28.0,24,285
2020-07-31 12:00:00,7.0,29.7,32,285
2020-07-31 18:00:00,7.0,30.1,42,280
2020-08-01 00:00:00,5.0,28.8,27,270
2020-08-01 06:00:00,3.0,27.7,42,275
2020-08-01 12:00:00,5.0,28.6,48,275
2020-08-01 18:00:00,6.0,29.1,53,275
2020-08-02 00:00:00,4.0,28.3,62,280
2020-08-02 06:00:00,,28.2,73,270
2020-08-02 12:00:00,2.0,27.7,70,260
2020-08-02 18:00:00,3.0,27.0,86,270
2020-08-03 00:00:00,4.0,27.7,74,255
2020-08-03 06:00:00,5.0,27.8,84,260
2020-08-03 12:00:00,10.0,28.9,73,255
2020-08-03 18:00:00,7.0,28.9,75,245
2020-08-04 00:00:00,6.0,28.4,70,245
2020-08-04 06:00:00,3.0,28.0,66,250
2020-08-04 12:00:00,11.0,29.0,64,265
2020-08-04 18:00:00,9.0,28.3,54,250
2020-08-05 00:00:00,5.0,27.4,59,255
2020-08-05 06:00:00,4.0,26.4,62,255
2020-08-05 12:00:00,8.0,28.2,54,250
2020-08-05 18:00:00,2.0,28.5,39,265
2020-08-06 00:00:00,5.0,28.1,37,280
2020-08-06 06:00:00,8.0,27.5,23,295
2020-08-06 12:00:00,5.0,28.9,15,295
2020-08-06 18:00:00,9.0,28.7,22,295
2020-08-07 00:00:00,8.0,28.0,16,310
2020-08-07 06:00:00,4.0,26.0,24,295
2020-08-07 12:00:00,13.0,25.8,13,280
2020-08-07 18:00:00,5.0,27.5,23,275
2020-08-08 00:00:00,5.0,27.5,20,270
2020-08-08 06:00:00,5.0,27.2,23,275
2020-08-08 12:00:00,4.0,29.0,21,265
2020-08-08 18:00:00,5.0,28.4,29,255
2020-08-09 00:00:00,6.0,27.8,33,240
2020-08-09 06:00:00,3.0,27.3,33,240
2020-08-09 12:00:00,13.0,27.5,41,235
2020-08-09 18:00:00,4.0,28.8,38,250
2020-08-10 00:00:00,6.0,27.7,32,240
2020-08-10 06:00:00,6.0,27.6,35,245
2020-08-10 12:00:00,5.0,28.7,36,260
2020-08-10 18:00:00,3.0,29.2,46,265
2020-08-11 00:00:00,4.0,27.9,51,280
2020-08-11 06:00:00,2.0,27.9,49,275
2020-08-11 12:00:00,7.0,28.9,38,260
2020-08-11 18:00:00,10.0,29.4,27,265
2020-08-12 00:00:00,7.0,28.2,23,265
2020-08-12 06:00:00,4.0,27.9,28,265
2020-08-12 12:00:00,6.0,28.9,19,245
2020-08-12 18:00:00,6.0,29.4,33,220
2020-08-13 00:00:00,11.0,27.5,37,240
2020-08-13 06:00:00,2.0,27.2,38,285
2020-08-13 12:00:00,10.0,26.6,22,255
2020-08-13 18:00:00,3.0,27.5,33,250
2020-08-14 00:00:00,3.0,27.4,35,260
2020-08-14 06:00:00,9.0,26.8,30,280
2020-08-14 12:00:00,14.0,28.6,31,250
2020-08-14 18:00:00,9.0,28.8,35,250
2020-08-15 00:00:00,14.0,26.8,26,255
2020-08-15 06:00:00,13.0,26.3,28,250
2020-08-15 12:00:00,8.0,27.6,31,250
2020-08-15 18:00:00,9.0,27.5,34,280
2020-08-16 00:00:00,14.0,27.1,24,280
2020-08-16 06:00:00,14.0,26.6,23,280
2020-08-16 12:00:00,9.0,28.5,23,290
2020-08-16 18:00:00,8.0,29.2,23,290
2020-08-17 00:00:00,8.0,27.6,20,295
2020-08-17 06:00:00,8.0,27.3,14,270
2020-08-17 12:00:00,13.0,28.5,16,245
2020-08-17 18:00:00,11.0,29.3,19,255
2020-08-18 00:00:00,8.0,27.8,17,275
2020-08-18 06:00:00,13.0,27.6,15,280
2020-08-18 12:00:00,16.0,29.0,18,250
2020-08-18 18:00:00,10.0,29.0,23,270
2020-08-19 00:00:00,14.0,27.9,20,290
2020-08-19 06:00:00,10.0,27.6,22,280
2020-08-19 12:00:00,16.0,29.1,20,275
2020-08-19 18:00:00,9.0,29.3,16,260
2020-08-20 00:00:00,13.0,27.7,19,285
2020-08-20 06:00:00,12.0,27.5,15,265
2020-08-20 12:00:00,16.0,28.9,24,250
2020-08-20 18:00:00,12.0,29.3,24,255
2020-08-21 00:00:00,9.0,28.2,17,300
2020-08-21 06:00:00,9.0,27.8,10,270
2020-08-21 12:00:00,14.0,28.6,12,260
2020-08-21 18:00:00,15.0,28.7,18,295
2020-08-22 00:00:00,23.0,27.7,17,280
2020-08-22 06:00:00,18.0,27.2,20,265
2020-08-22 12:00:00,11.0,29.1,26,275
2020-08-22 18:00:00,8.0,29.2,28,255
2020-08-23 00:00:00,11.0,28.0,25,245
2020-08-23 06:00:00,9.0,27.5,24,245
2020-08-23 12:00:00,8.0,28.9,31,230
2020-08-23 18:00:00,10.0,29.0,27,230
2020-08-24 00:00:00,5.0,27.8,23,255
2020-08-24 06:00:00,8.0,27.1,24,275
2020-08-24 12:00:00,13.0,29.0,18,265
2020-08-24 18:00:00,5.0,29.3,14,270
2020-08-25 00:00:00,8.0,27.8,18,285
2020-08-25 06:00:00,9.0,27.5,11,280
2020-08-25 12:00:00,10.0,29.3,10,265
2020-08-25 18:00:00,15.0,29.5,14,285
2020-08-26 00:00:00,7.0,27.6,22,280
2020-08-26 06:00:00,6.0,27.5,16,275
2020-08-26 12:00:00,11.0,29.5,14,270
2020-08-26 18:00:00,6.0,29.9,18,295
2020-08-27 00:00:00,8.0,27.9,23,280
2020-08-27 06:00:00,5.0,27.6,18,265
2020-08-27 12:00:00,8.0,29.6,24,295
2020-08-27 18:00:00,4.0,29.8,32,300
2020-08-28 00:00:00,7.0,28.1,23,285
2020-08-28 06:00:00,9.0,27.9,18,265
2020-08-28 12:00:00,18.0,29.0,21,285
2020-08-28 18:00:00,6.0,29.0,25,295
2020-08-29 00:00:00,15.0,25.8,23,280
2020-08-29 06:00:00,14.0,26.6,16,275
2020-08-29 12:00:00,19.0,29.3,10,260
2020-08-29 18:00:00,7.0,29.7,18,260
2020-08-30 00:00:00,8.0,27.9,13,265
2020-08-30 06:00:00,6.0,27.4,9,200
2020-08-30 12:00:00,7.0,29.5,7,185
2020-08-30 18:00:00,6.0,29.8,13,195
2020-08-31 00:00:00,8.0,28.0,14,195
2020-08-31 06:00:00,7.0,27.4,13,210
2020-08-31 12:00:00,13.0,29.8,18,210
2020-08-31 18:00:00,6.0,29.7,12,230
2020-09-01 00:00:00,9.0,28.3,8,240
2020-09-01 06:00:00,9.0,27.8,12,200
2020-09-01 12:00:00,9.0,29.7,10,235
2020-09-01 18:00:00,9.0,29.8,12,265
2020-09-02 00:00:00,10.0,28.2,15,255
2020-09-02 06:00:00,12.0,27.8,18,250
2020-09-02 12:00:00,11.0,29.9,23,285
2020-09-02 18:00:00,11.0,30.1,20,280
2020-09-03 00:00:00,12.0,28.7,17,270
2020-09-03 06:00:00,10.0,28.1,17,300
2020-09-03 12:00:00,11.0,29.5,13,330
2020-09-03 18:00:00,12.0,29.8,13,345
2020-09-04 00:00:00,10.0,28.2,12,345
2020-09-04 06:00:00,10.0,27.7,9,50
2020-09-04 12:00:00,10.0,29.7,10,100
2020-09-04 18:00:00,9.0,30.1,12,165
2020-09-05 00:00:00,9.0,28.5,11,185
2020-09-05 06:00:00,8.0,27.9,10,200
2020-09-05 12:00:00,7.0,29.8,12,190
2020-09-05 18:00:00,6.0,29.8,15,225
2020-09-06 00:00:00,6.0,28.5,18,220
2020-09-06 06:00:00,7.0,28.4,18,210
2020-09-06 12:00:00,,30.0,17,215
2020-09-06 18:00:00,,29.7,23,250
2020-09-07 00:00:00,,28.6,20,255
2020-09-07 06:00:00,7.0,28.0,23,265
2020-09-07 12:00:00,6.0,29.5,24,260
2020-09-07 18:00:00,6.0,29.7,18,275
2020-09-08 00:00:00,,28.2,18,305
2020-09-08 06:00:00,6.0,27.8,11,210
2020-09-08 12:00:00,6.0,29.6,19,220
2020-09-08 18:00:00,6.0,30.0,16,235
2020-09-09 00:00:00,,28.3,12,240
2020-09-09 06:00:00,5.0,27.7,9,240
2020-09-09 12:00:00,6.0,29.9,4,230
2020-09-09 18:00:00,,30.1,4,185
2020-09-10 00:00:00,7.0,28.1,13,175
2020-09-10 06:00:00,7.0,27.6,15,195
2020-09-10 12:00:00,6.0,29.7,13,215
2020-09-10 18:00:00,6.0,29.8,7,255
2020-09-11 00:00:00,6.0,28.5,13,180
2020-09-11 06:00:00,6.0,28.2,13,200
2020-09-11 12:00:00,6.0,29.7,7,180
2020-09-11 18:00:00,6.0,29.9,10,160
2020-09-12 00:00:00,6.0,27.9,17,155
2020-09-12 06:00:00,6.0,27.5,13,195
2020-09-12 12:00:00,6.0,29.7,10,175
2020-09-12 18:00:00,6.0,29.8,7,145
2020-09-13 00:00:00,6.0,28.2,13,160
2020-09-13 06:00:00,6.0,27.7,12,190
2020-09-13 12:00:00,4.0,29.7,8,160
2020-09-13 18:00:00,4.0,29.6,2,255
2020-09-14 00:00:00,4.0,27.9,3,255
2020-09-14 06:00:00,5.0,27.3,4,20
2020-09-14 12:00:00,7.0,29.2,6,85
2020-09-14 18:00:00,8.0,29.4,6,175
2020-09-15 00:00:00,7.0,28.0,6,175
2020-09-15 06:00:00,7.0,27.1,10,185
2020-09-15 12:00:00,6.0,28.8,4,230
2020-09-15 18:00:00,7.0,28.5,6,240
2020-09-16 00:00:00,7.0,28.0,13,210
2020-09-16 06:00:00,6.0,27.5,19,250
2020-09-16 12:00:00,7.0,29.4,18,260
2020-09-16 18:00:00,6.0,29.5,15,275
2020-09-17 00:00:00,6.0,28.4,9,295
2020-09-17 06:00:00,7.0,27.5,17,260
2020-09-17 12:00:00,6.0,29.5,25,300
2020-09-17 18:00:00,6.0,29.7,28,300
2020-09-18 00:00:00,6.0,28.7,21,295
2020-09-18 06:00:00,6.0,27.7,25,310
2020-09-18 12:00:00,5.0,28.9,36,305
2020-09-18 18:00:00,5.0,28.2,30,290
2020-09-19 00:00:00,5.0,27.2,51,265
2020-09-19 06:00:00,,26.7,68,250
2020-09-19 12:00:00,,28.0,71,240
2020-09-19 18:00:00,5.0,27.3,65,240
2020-09-20 00:00:00,7.0,27.8,58,230
2020-09-20 06:00:00,7.0,26.9,54,235
2020-09-20 12:00:00,7.0,27.6,40,250
2020-09-20 18:00:00,6.0,28.0,42,260
2020-09-21 00:00:00,7.0,27.2,31,260
2020-09-21 06:00:00,6.0,26.7,20,275
2020-09-21 12:00:00,9.0,27.2,21,300
2020-09-21 18:00:00,9.0,29.2,11,340
2020-09-22 00:00:00,9.0,28.1,3,20
2020-09-22 06:00:00,10.0,27.5,3,285
2020-09-22 12:00:00,9.0,29.7,15,355
2020-09-22 18:00:00,10.0,29.8,14,0
2020-09-23 00:00:00,14.0,27.9,13,35
2020-09-23 06:00:00,14.0,27.2,7,40
2020-09-23 12:00:00,16.0,29.2,9,85
2020-09-23 18:00:00,16.0,28.8,5,115
2020-09-24 00:00:00,12.0,28.2,5,200
2020-09-24 06:00:00,11.0,27.6,13,275
2020-09-24 12:00:00,9.0,29.2,14,230
2020-09-24 18:00:00,7.0,29.7,21,245
2020-09-25 00:00:00,7.0,27.9,28,235
2020-09-25 06:00:00,6.0,27.4,33,260
2020-09-25 12:00:00,7.0,29.1,27,255
2020-09-25 18:00:00,7.0,29.6,21,275
2020-09-26 00:00:00,8.0,27.8,21,280
2020-09-26 06:00:00,8.0,27.6,33,290
2020-09-26 12:00:00,8.0,29.0,27,290
2020-09-26 18:00:00,8.0,29.0,35,300
2020-09-27 00:00:00,6.0,28.0,30,315
2020-09-27 06:00:00,6.0,27.6,26,305
2020-09-27 12:00:00,6.0,29.1,34,315
2020-09-27 18:00:00,6.0,28.8,26,320
2020-09-28 00:00:00,6.0,26.6,12,355
2020-09-28 06:00:00,6.0,25.6,12,5
2020-09-28 12:00:00,5.0,26.5,21,40
2020-09-28 18:00:00,6.0,26.0,6,125
2020-09-29 00:00:00,8.0,26.2,24,210
2020-09-29 06:00:00,7.0,26.3,26,260
2020-09-29 12:00:00,8.0,28.5,49,250
2020-09-29 18:00:00,8.0,28.3,45,250
2020-09-30 00:00:00,7.0,27.6,45,255
2020-09-30 06:00:00,7.0,27.0,37,280
2020-09-30 12:00:00,6.0,28.3,41,270
2020-09-30 18:00:00,6.0,28.7,37,280
2020-10-01 00:00:00,6.0,27.9,37,285
2020-10-01 06:00:00,6.0,27.6,41,295
2020-10-01 12:00:00,7.0,29.2,29,305
2020-10-01 18:00:00,6.0,29.0,22,290
2020-10-02 00:00:00,5.0,28.3,15,305
2020-10-02 06:00:00,5.0,27.4,11,320
2020-10-02 12:00:00,6.0,29.3,9,315
2020-10-02 18:00:00,9.0,29.0,6,290
2020-10-03 00:00:00,11.0,27.8,7,220
2020-10-03 06:00:00,11.0,27.3,6,170
2020-10-03 12:00:00,9.0,28.6,10,210
2020-10-03 18:00:00,8.0,28.9,23,230
2020-10-04 00:00:00,,27.5,21,225
2020-10-04 06:00:00,,26.8,22,240
2020-10-04 12:00:00,7.0,27.7,15,255
2020-10-04 18:00:00,,28.6,10,290
2020-10-05 00:00:00,,27.3,9,235
2020-10-05 06:00:00,9.0,27.2,15,250
2020-10-05 12:00:00,11.0,28.2,11,275
2020-10-05 18:00:00,13.0,28.2,13,345
2020-10-06 00:00:00,14.0,27.5,8,350
2020-10-06 06:00:00,15.0,27.0,8,345
2020-10-06 12:00:00,17.0,28.8,10,25
2020-10-06 18:00:00,16.0,29.4,13,20
2020-10-07 00:00:00,16.0,27.4,16,20
2020-10-07 06:00:00,15.0,26.9,21,30
2020-10-07 12:00:00,14.0,28.9,30,35
2020-10-07 18:00:00,15.0,27.4,41,40
2020-10-08 00:00:00,14.0,26.2,36,55
2020-10-08 06:00:00,14.0,25.4,40,45
2020-10-08 12:00:00,14.0,26.2,25,65
2020-10-08 18:00:00,11.0,26.5,7,105
2020-10-09 00:00:00,10.0,25.1,14,120
2020-10-09 06:00:00,11.0,25.5,18,120
2020-10-09 12:00:00,10.0,28.1,15,105
2020-10-09 18:00:00,11.0,27.6,8,105
2020-10-10 00:00:00,11.0,25.3,6,140
2020-10-10 06:00:00,10.0,24.9,9,150
2020-10-10 12:00:00,9.0,26.1,12,100
2020-10-10 18:00:00,8.0,25.2,9,95
2020-10-11 00:00:00,8.0,25.2,9,90
2020-10-11 06:00:00,8.0,25.1,10,110
2020-10-11 12:00:00,8.0,27.3,5,90
2020-10-11 18:00:00,9.0,26.9,5,150
2020-10-12 00:00:00,9.0,25.7,9,90
2020-10-12 06:00:00,9.0,24.6,5,45
2020-10-12 12:00:00,12.0,26.5,14,75
2020-10-12 18:00:00,14.0,28.4,18,45
2020-10-13 00:00:00,19.0,26.5,15,35
2020-10-13 06:00:00,21.0,25.5,24,325
2020-10-13 12:00:00,21.0,26.6,24,350
2020-10-13 18:00:00,19.0,25.7,22,0
2020-10-14 00:00:00,16.0,24.6,21,360
2020-10-14 06:00:00,14.0,24.9,15,340
2020-10-14 12:00:00,14.0,25.7,26,15
2020-10-14 18:00:00,13.0,27.1,20,340
2020-10-15 00:00:00,13.0,27.0,15,315
2020-10-15 06:00:00,12.0,26.6,10,285
2020-10-15 12:00:00,11.0,28.5,7,280
2020-10-15 18:00:00,14.0,27.7,5,240
2020-10-16 00:00:00,16.0,27.3,7,275
2020-10-16 06:00:00,14.0,26.4,11,245
2020-10-16 12:00:00,13.0,26.6,4,70
2020-10-16 18:00:00,9.0,27.0,9,290
2020-10-17 00:00:00,9.0,26.1,13,275
2020-10-17 06:00:00,11.0,24.7,16,330
2020-10-17 12:00:00,11.0,25.6,4,150
2020-10-17 18:00:00,10.0,26.1,10,320
2020-10-18 00:00:00,9.0,25.0,10,290
2020-10-18 06:00:00,8.0,24.2,27,265
2020-10-18 12:00:00,9.0,24.9,46,270
2020-10-18 18:00:00,10.0,26.0,34,265
2020-10-19 00:00:00,11.0,25.0,36,265
2020-10-19 06:00:00,11.0,24.6,35,265
2020-10-19 12:00:00,13.0,25.5,38,255
2020-10-19 18:00:00,16.0,27.2,31,270
2020-10-20 00:00:00,19.0,25.9,18,305
2020-10-20 06:00:00,22.0,25.1,12,295
2020-10-20 12:00:00,21.0,26.9,7,320
2020-10-20 18:00:00,22.0,27.4,10,335
2020-10-21 00:00:00,22.0,26.0,14,0
2020-10-21 06:00:00,19.0,24.5,18,340
2020-10-21 12:00:00,18.0,26.7,16,340
2020-10-21 18:00:00,15.0,28.3,16,355
2020-10-22 00:00:00,10.0,26.4,13,45
2020-10-22 06:00:00,11.0,25.2,11,20
2020-10-22 12:00:00,13.0,26.1,8,80
2020-10-22 18:00:00,13.0,28.4,8,100
2020-10-23 00:00:00,15.0,26.6,6,145
2020-10-23 06:00:00,17.0,24.9,9,40
2020-10-23 12:00:00,20.0,26.5,14,30
2020-10-23 18:00:00,22.0,28.7,16,35
2020-10-24 00:00:00,22.0,26.2,15,40
2020-10-24 06:00:00,23.0,24.6,25,15
2020-10-24 12:00:00,21.0,26.8,20,40
2020-10-24 18:00:00,21.0,28.1,11,70
2020-10-25 00:00:00,23.0,26.1,7,35
2020-10-25 06:00:00,26.0,24.5,17,10
2020-10-25 12:00:00,29.0,27.2,18,20
2020-10-25 18:00:00,30.0,28.6,25,10
2020-10-26 00:00:00,34.0,25.9,12,10
2020-10-26 06:00:00,32.0,24.8,17,340
2020-10-26 12:00:00,35.0,27.6,15,345
2020-10-26 18:00:00,39.0,28.6,12,15
2020-10-27 00:00:00,40.0,26.7,8,45
2020-10-27 06:00:00,45.0,25.8,4,260
2020-10-27 12:00:00,44.0,27.0,7,285
2020-10-27 18:00:00,42.0,28.3,15,320
2020-10-28 00:00:00,,26.6,17,330
2020-10-28 06:00:00,39.0,25.5,17,355
2020-10-28 12:00:00,37.0,27.8,26,30
2020-10-28 18:00:00,35.0,29.2,21,20
2020-10-29 00:00:00,37.0,27.4,16,355
2020-10-29 06:00:00,31.0,26.8,19,295
2020-10-29 12:00:00,25.0,27.7,20,270
2020-10-29 18:00:00,22.0,26.7,17,290
2020-10-30 00:00:00,17.0,25.9,10,240
2020-10-30 06:00:00,13.0,25.3,13,155
2020-10-30 12:00:00,14.0,27.5,22,195
2020-10-30 18:00:00,11.0,28.6,15,175
2020-10-31 00:00:00,9.0,27.0,11,130
2020-10-31 06:00:00,10.0,26.3,14,105
2020-10-31 12:00:00,10.0,28.5,25,115
2020-10-31 18:00:00,11.0,29.0,21,95
2020-11-01 00:00:00,10.0,27.0,26,90
2020-11-01 06:00:00,11.0,26.1,29,85
2020-11-01 12:00:00,10.0,28.5,29,95
2020-11-01 18:00:00,9.0,29.9,18,80
2020-11-02 00:00:00,10.0,27.4,28,75
2020-11-02 06:00:00,10.0,26.5,25,70
2020-11-02 12:00:00,11.0,28.3,32,50
2020-11-02 18:00:00,12.0,29.0,23,75
2020-11-03 00:00:00,13.0,27.5,17,70
2020-11-03 06:00:00,15.0,26.4,12,85
2020-11-03 12:00:00,17.0,27.9,15,50
2020-11-03 18:00:00,19.0,28.9,18,75
2020-11-04 00:00:00,21.0,27.0,23,65
2020-11-04 06:00:00,24.0,25.8,10,60
2020-11-04 12:00:00,25.0,27.2,9,90
2020-11-04 18:00:00,27.0,28.3,6,90
2020-11-05 00:00:00,29.0,26.7,9,50
2020-11-05 06:00:00,30.0,25.4,13,25
2020-11-05 12:00:00,28.0,27.2,23,25
2020-11-05 18:00:00,23.0,28.8,19,50
2020-11-06 00:00:00,22.0,26.7,20,70
2020-11-06 06:00:00,18.0,25.8,14,95
2020-11-06 12:00:00,18.0,27.9,15,40
2020-11-06 18:00:00,19.0,29.8,28,50
2020-11-07 00:00:00,16.0,26.5,45,55
2020-11-07 06:00:00,13.0,24.8,39,65
2020-11-07 12:00:00,13.0,26.6,23,105
2020-11-07 18:00:00,12.0,28.0,9,120
2020-11-08 00:00:00,12.0,26.0,19,75
2020-11-08 06:00:00,16.0,24.9,27,60
2020-11-08 12:00:00,17.0,24.5,38,115
2020-11-08 18:00:00,20.0,28.0,24,80
2020-11-09 00:00:00,23.0,26.0,24,65
2020-11-09 06:00:00,24.0,24.5,22,55
2020-11-09 12:00:00,25.0,25.8,24,85
2020-11-09 18:00:00,27.0,29.1,33,60
2020-11-10 00:00:00,27.0,25.9,28,55
2020-11-10 06:00:00,26.0,24.2,31,40
2020-11-10 12:00:00,26.0,25.4,29,45
2020-11-10 18:00:00,25.0,27.6,32,70
2020-11-11 00:00:00,24.0,25.6,52,60
2020-11-11 06:00:00,25.0,24.5,48,45
2020-11-11 12:00:00,27.0,23.7,38,55
2020-11-11 18:00:00,24.0,25.6,53,60
2020-11-12 00:00:00,24.0,24.1,55,75
2020-11-12 06:00:00,21.0,22.9,51,90
2020-11-12 12:00:00,15.0,24.7,41,110
2020-11-12 18:00:00,15.0,27.9,26,115
2020-11-13 00:00:00,12.0,25.1,39,90
2020-11-13 06:00:00,13.0,23.8,33,80
2020-11-13 12:00:00,14.0,25.6,24,80
2020-11-13 18:00:00,18.0,28.2,19,55
2020-11-14 00:00:00,24.0,25.4,17,40
2020-11-14 06:00:00,27.0,24.3,19,50
2020-11-14 12:00:00,28.0,25.3,14,90
2020-11-14 18:00:00,28.0,28.1,12,60
2020-11-15 00:00:00,26.0,25.2,31,55
2020-11-15 06:00:00,28.0,24.4,43,65
2020-11-15 12:00:00,32.0,27.0,30,70
2020-11-15 18:00:00,33.0,28.5,25,60
2020-11-16 00:00:00,36.0,26.5,21,70
2020-11-16 06:00:00,34.0,24.9,7,100
2020-11-16 12:00:00,31.0,27.3,13,115
2020-11-16 18:00:00,29.0,28.9,16,80
2020-11-17 00:00:00,28.0,26.9,22,65
2020-11-17 06:00:00,31.0,25.8,33,95
2020-11-17 12:00:00,33.0,28.5,28,85
2020-11-17 18:00:00,32.0,29.3,19,60
2020-11-18 00:00:00,33.0,27.1,27,85
2020-11-18 06:00:00,,25.9,24,100
2020-11-18 12:00:00,,28.6,14,100
2020-11-18 18:00:00,,29.3,11,50
2020-11-19 00:00:00,,27.6,15,50
2020-11-19 06:00:00,27.0,26.4,18,70
2020-11-19 12:00:00,27.0,29.1,24,60
2020-11-19 18:00:00,27.0,29.9,18,55
2020-11-20 00:00:00,26.0,27.7,19,50
2020-11-20 06:00:00,26.0,27.0,19,65
2020-11-20 12:00:00,25.0,29.2,28,80
2020-11-20 18:00:00,25.0,30.0,17,65
2020-11-21 00:00:00,23.0,27.7,21,65
2020-11-21 06:00:00,20.0,26.8,23,65
2020-11-21 12:00:00,16.0,29.0,24,85
2020-11-21 18:00:00,15.0,29.3,16,100
2020-11-22 00:00:00,14.0,27.6,15,75
2020-11-22 06:00:00,13.0,26.7,23,100
2020-11-22 12:00:00,14.0,28.7,22,90
2020-11-22 18:00:00,15.0,29.2,22,80
2020-11-23 00:00:00,16.0,27.3,28,75
2020-11-23 06:00:00,17.0,26.3,28,70
2020-11-23 12:00:00,17.0,28.6,26,65
2020-11-23 18:00:00,16.0,29.8,26,60
2020-11-24 00:00:00,21.0,27.3,33,80
2020-11-24 06:00:00,24.0,26.2,33,85
2020-11-24 12:00:00,22.0,28.4,30,85
2020-11-24 18:00:00,21.0,29.6,22,60
2020-11-25 00:00:00,18.0,27.7,32,70
2020-11-25 06:00:00,16.0,26.1,40,85
2020-11-25 12:00:00,17.0,28.3,39,85
2020-11-25 18:00:00,18.0,29.5,39,85
2020-11-26 00:00:00,20.0,27.4,32,70
2020-11-26 06:00:00,19.0,26.1,32,70
2020-11-26 12:00:00,18.0,28.2,32,70
2020-11-26 18:00:00,17.0,29.5,32,70
2020-11-27 00:00:00,13.0,27.4,32,70
2020-11-27 06:00:00,12.0,25.4,46,90
2020-11-27 12:00:00,10.0,27.5,39,95
2020-11-27 18:00:00,10.0,29.3,39,95
2020-11-28 00:00:00,11.0,27.0,38,80
2020-11-28 06:00:00,10.0,25.2,33,95
2020-11-28 12:00:00,12.0,26.5,30,80
2020-11-28 18:00:00,13.0,29.0,34,70
2020-11-29 00:00:00,13.0,27.1,40,70
2020-11-29 06:00:00,14.0,25.3,24,80
2020-11-29 12:00:00,14.0,26.0,37,80
2020-11-29 18:00:00,13.0,26.9,46,75
2020-11-30 00:00:00,12.0,27.0,42,75
2020-11-30 06:00:00,10.0,24.6,60,80
2020-11-30 12:00:00,10.0,24.5,67,70
2020-11-30 18:00:00,10.0,26.5,65,75
2020-12-01 00:00:00,10.0,26.7,66,70
2020-12-01 06:00:00,11.0,25.3,61,75
2020-12-01 12:00:00,10.0,24.8,65,80
2020-12-01 18:00:00,9.0,27.9,56,80
2020-12-02 00:00:00,8.0,25.5,40,100
2020-12-02 06:00:00,9.0,24.8,47,90
2020-12-02 12:00:00,11.0,24.0,64,95
2020-12-02 18:00:00,11.0,28.5,37,75
2020-12-03 00:00:00,12.0,27.0,40,80
2020-12-03 06:00:00,12.0,25.5,39,80
2020-12-03 12:00:00,12.0,26.1,25,70
2020-12-03 18:00:00,12.0,28.2,33,55
2020-12-04 00:00:00,12.0,26.3,46,55
2020-12-04 06:00:00,12.0,23.6,34,55
2020-12-04 12:00:00,13.0,23.9,26,55
2020-12-04 18:00:00,15.0,27.4,39,50
2020-12-05 00:00:00,18.0,24.9,42,65
2020-12-05 06:00:00,20.0,22.1,18,75
2020-12-05 12:00:00,21.0,23.1,11,80
2020-12-05 18:00:00,21.0,27.1,23,70
2020-12-06 00:00:00,20.0,24.4,27,85
2020-12-06 06:00:00,20.0,22.6,6,80
2020-12-06 12:00:00,21.0,24.7,9,35
2020-12-06 18:00:00,20.0,27.6,20,65
2020-12-07 00:00:00,21.0,24.8,25,95
2020-12-07 06:00:00,20.0,23.3,14,105
2020-12-07 12:00:00,20.0,25.6,11,110
2020-12-07 18:00:00,22.0,28.3,17,60
2020-12-08 00:00:00,24.0,25.9,21,45
2020-12-08 06:00:00,24.0,24.6,14,80
2020-12-08 12:00:00,24.0,26.4,4,50
2020-12-08 18:00:00,23.0,28.9,18,35
2020-12-09 00:00:00,22.0,25.8,14,35
2020-12-09 06:00:00,22.0,24.1,18,10
2020-12-09 12:00:00,25.0,26.4,14,25
2020-12-09 18:00:00,27.0,28.3,18,30
2020-12-10 00:00:00,27.0,25.4,10,40
2020-12-10 06:00:00,29.0,23.4,10,40
2020-12-10 12:00:00,32.0,26.3,12,75
2020-12-10 18:00:00,35.0,28.0,14,75
2020-12-11 00:00:00,38.0,26.1,9,125
2020-12-11 06:00:00,43.0,25.1,10,75
2020-12-11 12:00:00,47.0,27.7,13,70
2020-12-11 18:00:00,49.0,28.9,15,60
2020-12-12 00:00:00,53.0,27.4,15,80
2020-12-12 06:00:00,55.0,26.2,13,85
2020-12-12 12:00:00,53.0,28.7,15,115
2020-12-12 18:00:00,50.0,29.2,11,45
2020-12-13 00:00:00,46.0,27.7,9,45
2020-12-13 06:00:00,42.0,26.7,16,55
2020-12-13 12:00:00,42.0,26.7,17,80
2020-12-13 18:00:00,45.0,29.0,16,65
2020-12-14 00:00:00,41.0,27.3,12,60
2020-12-14 06:00:00,33.0,27.3,17,50
2020-12-14 12:00:00,26.0,26.7,21,85
2020-12-14 18:00:00,23.0,29.2,20,65
2020-12-15 00:00:00,23.0,26.9,24,60
2020-12-15 06:00:00,23.0,26.3,31,75
2020-12-15 12:00:00,24.0,28.7,34,90
2020-12-15 18:00:00,23.0,28.8,21,75
2020-12-16 00:00:00,22.0,27.1,33,70
2020-12-16 06:00:00,22.0,26.5,37,70
2020-12-16 12:00:00,18.0,28.1,31,75
2020-12-16 18:00:00,14.0,28.8,24,55
2020-12-17 00:00:00,14.0,27.2,37,55
2020-12-17 06:00:00,13.0,25.6,25,70
2020-12-17 12:00:00,11.0,26.4,17,70
2020-12-17 18:00:00,12.0,28.9,20,60
2020-12-18 00:00:00,13.0,26.5,25,80
2020-12-18 06:00:00,14.0,25.5,23,80
2020-12-18 12:00:00,17.0,27.0,22,75
2020-12-18 18:00:00,17.0,29.8,24,50
2020-12-19 00:00:00,16.0,27.0,28,50
2020-12-19 06:00:00,15.0,25.1,26,55
2020-12-19 12:00:00,13.0,25.8,17,75
2020-12-19 18:00:00,13.0,28.5,24,80
2020-12-20 00:00:00,11.0,26.1,27,75
2020-12-20 06:00:00,11.0,23.7,22,50
2020-12-20 12:00:00,12.0,23.6,20,35
2020-12-20 18:00:00,11.0,27.5,32,40
2020-12-21 00:00:00,11.0,24.0,25,25
2020-12-21 06:00:00,12.0,20.7,21,15
2020-12-21 12:00:00,11.0,21.1,19,75
2020-12-21 18:00:00,13.0,26.4,24,70
2020-12-22 00:00:00,16.0,23.4,16,65
2020-12-22 06:00:00,20.0,21.2,7,100
2020-12-22 12:00:00,25.0,23.0,12,70
2020-12-22 18:00:00,26.0,27.7,21,60
2020-12-23 00:00:00,25.0,24.1,20,75
2020-12-23 06:00:00,28.0,22.1,22,30
2020-12-23 12:00:00,29.0,24.7,25,55
2020-12-23 18:00:00,32.0,28.2,30,70
2020-12-24 00:00:00,34.0,26.0,33,80
2020-12-24 06:00:00,39.0,24.5,37,75
2020-12-24 12:00:00,39.0,27.3,37,85
2020-12-24 18:00:00,38.0,30.0,29,60
2020-12-25 00:00:00,33.0,27.1,31,90
2020-12-25 06:00:00,26.0,26.3,35,100
2020-12-25 12:00:00,23.0,28.1,52,100
2020-12-25 18:00:00,20.0,28.8,30,75
2020-12-26 00:00:00,20.0,26.7,34,105
2020-12-26 06:00:00,18.0,25.7,29,115
2020-12-26 12:00:00,17.0,28.0,27,115
2020-12-26 18:00:00,17.0,28.4,15,65
2020-12-27 00:00:00,17.0,26.6,10,60
2020-12-27 06:00:00,17.0,26.0,12,50
2020-12-27 12:00:00,18.0,28.2,19,90
2020-12-27 18:00:00,21.0,28.2,14,75
2020-12-28 00:00:00,20.0,26.7,21,65
2020-12-28 06:00:00,22.0,25.8,20,60
2020-12-28 12:00:00,22.0,28.1,21,80
2020-12-28 18:00:00,21.0,28.4,15,45
2020-12-29 00:00:00,20.0,26.7,22,30
2020-12-29 06:00:00,18.0,26.0,17,30
2020-12-29 12:00:00,16.0,28.0,24,30
2020-12-29 18:00:00,18.0,28.5,24,40
2020-12-30 00:00:00,19.0,26.7,25,55
2020-12-30 06:00:00,22.0,26.0,33,55
2020-12-30 12:00:00,24.0,28.5,39,50
2020-12-30 18:00:00,22.0,29.9,40,65
2020-12-31 00:00:00,24.0,27.2,39,70
2020-12-31 06:00:00,21.0,23.3,34,70
2020-12-31 12:00:00,17.0,22.7,18,65
2020-12-31 18:00:00,,27.5,28,80
2021-01-01 00:00:00,,24.4,29,80
2021-01-01 06:00:00,14.0,21.0,12,90
2021-01-01 12:00:00,15.0,24.0,20,65
2021-01-01 18:00:00,15.0,25.2,35,75
2021-01-02 00:00:00,16.0,23.5,17,105
2021-01-02 06:00:00,17.0,20.7,10,70
2021-01-02 12:00:00,19.0,25.3,11,80
2021-01-02 18:00:00,19.0,26.4,9,20
2021-01-03 00:00:00,18.0,24.2,7,20
2021-01-03 06:00:00,22.0,22.5,11,55
2021-01-03 12:00:00,23.0,27.2,15,55
2021-01-03 18:00:00,25.0,27.2,25,55
2021-01-04 00:00:00,27.0,25.7,27,110
2021-01-04 06:00:00,27.0,24.1,19,85
2021-01-04 12:00:00,26.0,28.1,39,95
2021-01-04 18:00:00,25.0,27.5,22,55
2021-01-05 00:00:00,,26.0,33,110
2021-01-05 06:00:00,26.0,24.6,35,90
2021-01-05 12:00:00,29.0,28.7,43,85
2021-01-05 18:00:00,30.0,28.5,28,65
2021-01-06 00:00:00,30.0,27.1,31,95
2021-01-06 06:00:00,30.0,25.7,33,75
2021-01-06 12:00:00,29.0,29.1,29,60
2021-01-06 18:00:00,30.0,27.8,26,55
2021-01-07 00:00:00,31.0,26.7,22,80
2021-01-07 06:00:00,34.0,25.9,25,95
2021-01-07 12:00:00,35.0,29.1,13,30
2021-01-07 18:00:00,34.0,28.3,28,50
2021-01-08 00:00:00,33.0,26.7,30,70
2021-01-08 06:00:00,30.0,25.9,42,90
2021-01-08 12:00:00,28.0,28.7,31,85
2021-01-08 18:00:00,27.0,28.1,23,65
2021-01-09 00:00:00,23.0,26.4,33,95
2021-01-09 06:00:00,19.0,22.7,11,140
2021-01-09 12:00:00,16.0,26.1,9,40
2021-01-09 18:00:00,16.0,26.7,14,55
2021-01-10 00:00:00,17.0,24.8,19,90
2021-01-10 06:00:00,17.0,22.4,7,60
2021-01-10 12:00:00,20.0,26.2,14,50
2021-01-10 18:00:00,21.0,26.0,18,60
2021-01-11 00:00:00,26.0,24.6,24,105
2021-01-11 06:00:00,29.0,22.4,10,90
2021-01-11 12:00:00,31.0,26.3,15,35
2021-01-11 18:00:00,31.0,26.7,30,55
2021-01-12 00:00:00,27.0,23.4,34,105
2021-01-12 06:00:00,22.0,18.4,14,80
2021-01-12 12:00:00,17.0,22.0,19,70
2021-01-12 18:00:00,16.0,24.7,27,65
2021-01-13 00:00:00,17.0,21.3,18,110
2021-01-13 06:00:00,19.0,18.5,7,60
2021-01-13 12:00:00,24.0,23.9,7,85
2021-01-13 18:00:00,28.0,24.2,5,30
2021-01-14 00:00:00,36.0,22.7,1,230
2021-01-14 06:00:00,43.0,20.9,6,355
2021-01-14 12:00:00,,26.0,8,60
2021-01-14 18:00:00,57.0,25.4,13,55
2021-01-15 00:00:00,56.0,24.0,3,110
2021-01-15 06:00:00,,23.0,7,60
2021-01-15 12:00:00,56.0,26.8,12,85
2021-01-15 18:00:00,55.0,25.9,15,60
2021-01-16 00:00:00,50.0,24.4,3,65
2021-01-16 06:00:00,47.0,24.0,6,75
2021-01-16 12:00:00,43.0,27.4,10,70
2021-01-16 18:00:00,42.0,26.3,16,30
2021-01-17 00:00:00,42.0,24.8,15,80
2021-01-17 06:00:00,43.0,24.1,16,75
2021-01-17 12:00:00,39.0,28.1,26,55
2021-01-17 18:00:00,40.0,27.0,38,50
2021-01-18 00:00:00,44.0,26.0,41,70
2021-01-18 06:00:00,38.0,21.7,26,60
2021-01-18 12:00:00,34.0,24.9,20,40
2021-01-18 18:00:00,31.0,26.1,33,45
2021-01-19 00:00:00,28.0,23.9,22,80
2021-01-19 06:00:00,30.0,21.0,17,120
2021-01-19 12:00:00,35.0,25.3,5,160
2021-01-19 18:00:00,40.0,25.5,16,35
2021-01-20 00:00:00,,23.6,2,135
2021-01-20 06:00:00,52.0,21.7,2,125
2021-01-20 12:00:00,55.0,26.4,2,155
2021-01-20 18:00:00,54.0,25.6,5,80
2021-01-21 00:00:00,,23.9,6,135
2021-01-21 06:00:00,53.0,22.6,8,140
2021-01-21 12:00:00,57.0,26.9,11,110
2021-01-21 18:00:00,61.0,25.7,18,70
2021-01-22 00:00:00,,24.3,17,50
2021-01-22 06:00:00,74.0,23.0,11,65
2021-01-22 12:00:00,,27.6,11,120
2021-01-22 18:00:00,71.0,26.1,10,110
2021-01-23 00:00:00,64.0,24.9,9,75
2021-01-23 06:00:00,56.0,23.8,16,95
2021-01-23 12:00:00,50.0,27.9,20,105
2021-01-23 18:00:00,48.0,26.5,18,95
2021-01-24 00:00:00,42.0,25.1,13,100
2021-01-24 06:00:00,34.0,24.8,14,125
2021-01-24 12:00:00,,28.3,15,120
2021-01-24 18:00:00,26.0,27.0,15,80
2021-01-25 00:00:00,27.0,25.3,16,60
2021-01-25 06:00:00,27.0,24.8,19,85
2021-01-25 12:00:00,,28.7,20,75
2021-01-25 18:00:00,21.0,27.1,21,40
2021-01-26 00:00:00,18.0,25.6,20,40
2021-01-26 06:00:00,15.0,25.3,20,55
2021-01-26 12:00:00,,29.5,22,75
2021-01-26 18:00:00,17.0,27.6,26,65
2021-01-27 00:00:00,,25.9,31,70
2021-01-27 06:00:00,19.0,25.2,32,80
2021-01-27 12:00:00,20.0,29.4,21,80
2021-01-27 18:00:00,22.0,27.7,25,45
2021-01-28 00:00:00,22.0,26.0,23,60
2021-01-28 06:00:00,21.0,25.3,26,70
2021-01-28 12:00:00,21.0,29.4,25,50
2021-01-28 18:00:00,19.0,27.6,32,55
2021-01-29 00:00:00,,26.1,40,70
2021-01-29 06:00:00,20.0,25.2,25,65
2021-01-29 12:00:00,20.0,28.5,20,90
2021-01-29 18:00:00,26.0,27.3,23,55
2021-01-30 00:00:00,32.0,25.8,20,70
2021-01-30 06:00:00,40.0,24.7,21,60
2021-01-30 12:00:00,46.0,28.3,16,70
2021-01-30 18:00:00,46.0,27.1,29,50
2021-01-31 00:00:00,51.0,25.2,31,75
2021-01-31 06:00:00,56.0,24.5,25,90
2021-01-31 12:00:00,56.0,28.6,12,75
2021-01-31 18:00:00,57.0,27.3,23,40
2021-02-01 00:00:00,53.0,25.5,27,65
2021-02-01 06:00:00,50.0,24.4,23,75
2021-02-01 12:00:00,,29.1,17,60
2021-02-01 18:00:00,54.0,27.9,26,50
2021-02-02 00:00:00,55.0,25.8,21,65
2021-02-02 06:00:00,57.0,25.2,25,60
2021-02-02 12:00:00,56.0,29.4,20,55
2021-02-02 18:00:00,58.0,27.6,29,50
2021-02-03 00:00:00,60.0,25.8,34,60
2021-02-03 06:00:00,,25.0,36,70
2021-02-03 12:00:00,54.0,29.1,29,65
2021-02-03 18:00:00,51.0,27.2,33,50
2021-02-04 00:00:00,49.0,25.7,38,50
2021-02-04 06:00:00,48.0,24.6,27,60
2021-02-04 12:00:00,48.0,29.0,24,55
2021-02-04 18:00:00,47.0,27.5,32,55
2021-02-05 00:00:00,48.0,25.1,30,70
2021-02-05 06:00:00,52.0,24.0,18,85
2021-02-05 12:00:00,58.0,28.7,12,70
2021-02-05 18:00:00,55.0,27.7,22,45
2021-02-06 00:00:00,54.0,25.8,17,65
2021-02-06 06:00:00,,24.9,15,85
2021-02-06 12:00:00,51.0,29.2,16,95
2021-02-06 18:00:00,58.0,27.7,14,55
2021-02-07 00:00:00,59.0,25.9,15,45
2021-02-07 06:00:00,64.0,25.2,18,85
2021-02-07 12:00:00,64.0,29.3,13,80
2021-02-07 18:00:00,60.0,27.8,18,45
2021-02-08 00:00:00,54.0,25.9,11,65
2021-02-08 06:00:00,41.0,25.2,16,100
2021-02-08 12:00:00,,29.1,15,110
2021-02-08 18:00:00,,27.6,13,105
2021-02-09 00:00:00,24.0,26.2,10,140
2021-02-09 06:00:00,,26.4,9,185
2021-02-09 12:00:00,20.0,28.7,16,235
2021-02-09 18:00:00,15.0,27.6,17,255
2021-02-10 00:00:00,14.0,26.2,7,315
2021-02-10 06:00:00,12.0,25.3,5,350
2021-02-10 12:00:00,12.0,28.2,18,30
2021-02-10 18:00:00,13.0,28.5,23,35
2021-02-11 00:00:00,19.0,26.2,19,35
2021-02-11 06:00:00,23.0,24.7,9,35
2021-02-11 12:00:00,,28.9,16,15
2021-02-11 18:00:00,28.0,27.9,15,25
2021-02-12 00:00:00,28.0,26.1,11,35
2021-02-12 06:00:00,28.0,25.0,6,325
2021-02-12 12:00:00,,28.7,15,350
2021-02-12 18:00:00,26.0,27.8,22,30
2021-02-13 00:00:00,24.0,25.7,19,50
2021-02-13 06:00:00,25.0,25.1,16,85
2021-02-13 12:00:00,27.0,28.8,9,60
2021-02-13 18:00:00,28.0,27.5,16,35
2021-02-14 00:00:00,28.0,25.9,11,55
2021-02-14 06:00:00,27.0,25.3,11,95
2021-02-14 12:00:00,25.0,29.1,6,65
2021-02-14 18:00:00,25.0,27.3,16,40
2021-02-15 00:00:00,,26.0,10,75
2021-02-15 06:00:00,,25.6,9,110
2021-02-15 12:00:00,23.0,28.7,12,95
2021-02-15 18:00:00,23.0,27.6,14,50
2021-02-16 00:00:00,24.0,26.0,11,65
2021-02-16 06:00:00,23.0,25.8,14,120
2021-02-16 12:00:00,,28.6,13,135
2021-02-16 18:00:00,22.0,27.4,13,70
2021-02-17 00:00:00,23.0,26.2,26,65
2021-02-17 06:00:00,24.0,25.7,25,80
2021-02-17 12:00:00,25.0,29.0,29,85
2021-02-17 18:00:00,27.0,26.8,35,60
2021-02-18 00:00:00,26.0,26.0,46,65
2021-02-18 06:00:00,29.0,25.0,34,80
2021-02-18 12:00:00,30.0,28.9,29,80
2021-02-18 18:00:00,32.0,27.3,33,55
2021-02-19 00:00:00,38.0,25.6,41,65
2021-02-19 06:00:00,44.0,24.4,31,85
2021-02-19 12:00:00,42.0,28.1,35,80
2021-02-19 18:00:00,41.0,28.4,31,60
2021-02-20 00:00:00,37.0,26.4,33,65
2021-02-20 06:00:00,33.0,24.3,24,80
2021-02-20 12:00:00,34.0,28.1,16,75
2021-02-20 18:00:00,36.0,27.6,23,60
2021-02-21 00:00:00,38.0,25.5,33,85
2021-02-21 06:00:00,,24.4,25,95
2021-02-21 12:00:00,56.0,28.1,13,75
2021-02-21 18:00:00,,26.9,24,40
2021-02-22 00:00:00,64.0,25.3,24,50
2021-02-22 06:00:00,61.0,24.7,25,70
2021-02-22 12:00:00,57.0,28.4,16,65
2021-02-22 18:00:00,49.0,26.9,20,40
2021-02-23 00:00:00,43.0,25.3,17,70
2021-02-23 06:00:00,36.0,24.7,17,75
2021-02-23 12:00:00,32.0,28.3,16,90
2021-02-23 18:00:00,33.0,27.1,16,65
2021-02-24 00:00:00,35.0,25.2,14,50
2021-02-24 06:00:00,35.0,25.0,15,105
2021-02-24 12:00:00,34.0,28.9,10,140
2021-02-24 18:00:00,,27.3,2,280
2021-02-25 00:00:00,32.0,25.6,6,185
2021-02-25 06:00:00,31.0,25.4,18,240
2021-02-25 12:00:00,30.0,29.1,18,265
2021-02-25 18:00:00,30.0,28.7,19,295
2021-02-26 00:00:00,31.0,26.4,10,245
2021-02-26 06:00:00,32.0,25.7,11,235
2021-02-26 12:00:00,33.0,29.6,2,215
2021-02-26 18:00:00,33.0,27.9,7,210
2021-02-27 00:00:00,,26.2,8,150
2021-02-27 06:00:00,,25.5,12,170
2021-02-27 12:00:00,31.0,29.5,14,145
2021-02-27 18:00:00,34.0,28.5,16,125
2021-02-28 00:00:00,37.0,26.0,15,150
2021-02-28 06:00:00,41.0,25.6,29,140
2021-02-28 12:00:00,41.0,29.7,28,150
2021-02-28 18:00:00,39.0,27.9,27,155
2021-03-01 00:00:00,34.0,26.1,19,150
2021-03-01 06:00:00,27.0,26.0,18,140
2021-03-01 12:00:00,,29.7,14,125
2021-03-01 18:00:00,22.0,28.2,13,105
2021-03-02 00:00:00,19.0,26.8,16,75
2021-03-02 06:00:00,17.0,26.3,18,115
2021-03-02 12:00:00,12.0,29.7,21,120
2021-03-02 18:00:00,10.0,28.4,22,90
2021-03-03 00:00:00,,27.1,30,95
2021-03-03 06:00:00,8.0,27.2,26,120
2021-03-03 12:00:00,9.0,29.3,20,130
2021-03-03 18:00:00,10.0,27.9,17,130
2021-03-04 00:00:00,12.0,27.3,21,110
2021-03-04 06:00:00,13.0,26.7,17,115
2021-03-04 12:00:00,,29.2,21,100
2021-03-04 18:00:00,13.0,28.4,15,70
2021-03-05 00:00:00,,27.1,25,90
2021-03-05 06:00:00,13.0,26.5,21,110
2021-03-05 12:00:00,,29.2,18,95
2021-03-05 18:00:00,15.0,28.3,13,115
2021-03-06 00:00:00,15.0,26.7,17,85
2021-03-06 06:00:00,15.0,26.3,19,80
2021-03-06 12:00:00,15.0,29.3,15,75
2021-03-06 18:00:00,15.0,28.3,12,80
2021-03-07 00:00:00,15.0,26.9,19,85
2021-03-07 06:00:00,14.0,26.4,19,85
2021-03-07 12:00:00,14.0,29.7,18,95
2021-03-07 18:00:00,13.0,28.2,20,60
2021-03-08 00:00:00,14.0,26.9,16,85
2021-03-08 06:00:00,16.0,26.7,13,150
2021-03-08 12:00:00,14.0,29.0,13,90
2021-03-08 18:00:00,14.0,28.1,18,35
2021-03-09 00:00:00,16.0,26.9,24,50
2021-03-09 06:00:00,,26.6,19,80
2021-03-09 12:00:00,,29.4,15,65
2021-03-09 18:00:00,19.0,27.9,28,40
2021-03-10 00:00:00,,26.8,28,60
2021-03-10 06:00:00,21.0,26.5,26,60
2021-03-10 12:00:00,,29.7,15,70
2021-03-10 18:00:00,24.0,28.3,25,50
2021-03-11 00:00:00,25.0,26.9,30,70
2021-03-11 06:00:00,26.0,26.3,26,80
2021-03-11 12:00:00,25.0,29.4,22,70
2021-03-11 18:00:00,,28.0,32,55
2021-03-12 00:00:00,22.0,26.9,26,75
2021-03-12 06:00:00,,26.5,27,65
2021-03-12 12:00:00,18.0,30.2,30,65
2021-03-12 18:00:00,17.0,29.1,29,55
2021-03-13 00:00:00,18.0,27.2,26,75
2021-03-13 06:00:00,20.0,26.5,28,65
2021-03-13 12:00:00,19.0,29.9,20,70
2021-03-13 18:00:00,19.0,28.1,24,45
2021-03-14 00:00:00,18.0,26.9,25,55
2021-03-14 06:00:00,17.0,26.7,20,65
2021-03-14 12:00:00,,29.2,13,80
2021-03-14 18:00:00,17.0,27.8,20,60
2021-03-15 00:00:00,16.0,26.6,17,60
2021-03-15 06:00:00,16.0,26.5,16,100
2021-03-15 12:00:00,19.0,29.3,11,105
2021-03-15 18:00:00,19.0,28.1,20,70
2021-03-16 00:00:00,20.0,26.9,20,75
2021-03-16 06:00:00,20.0,26.9,16,80
2021-03-16 12:00:00,20.0,29.3,11,85
2021-03-16 18:00:00,20.0,28.7,12,110
2021-03-17 00:00:00,,26.7,10,90
2021-03-17 06:00:00,22.0,26.6,5,120
2021-03-17 12:00:00,22.0,29.2,9,125
2021-03-17 18:00:00,24.0,28.8,14,100
2021-03-18 00:00:00,25.0,27.1,16,80
2021-03-18 06:00:00,26.0,26.8,17,105
2021-03-18 12:00:00,,30.0,7,85
2021-03-18 18:00:00,28.0,29.2,13,60
2021-03-19 00:00:00,29.0,27.1,21,75
2021-03-19 06:00:00,29.0,26.9,16,110
2021-03-19 12:00:00,28.0,29.8,9,115
2021-03-19 18:00:00,27.0,28.5,13,110
2021-03-20 00:00:00,26.0,27.3,10,100
2021-03-20 06:00:00,26.0,27.1,6,155
2021-03-20 12:00:00,25.0,30.5,8,100
2021-03-20 18:00:00,24.0,29.0,14,90
2021-03-21 00:00:00,22.0,27.6,11,75
2021-03-21 06:00:00,19.0,27.2,13,145
2021-03-21 12:00:00,17.0,30.6,5,115
2021-03-21 18:00:00,16.0,29.4,21,70
2021-03-22 00:00:00,15.0,27.9,23,75
2021-03-22 06:00:00,14.0,27.4,31,65
2021-03-22 12:00:00,17.0,30.7,39,95
2021-03-22 18:00:00,,29.1,36,65
2021-03-23 00:00:00,,28.4,31,70
2021-03-23 06:00:00,32.0,25.9,30,80
2021-03-23 12:00:00,33.0,29.8,17,55
2021-03-23 18:00:00,30.0,29.8,27,60
2021-03-24 00:00:00,30.0,29.0,24,85
2021-03-24 06:00:00,30.0,27.6,22,70
2021-03-24 12:00:00,,30.6,13,45
2021-03-24 18:00:00,34.0,30.3,19,40
2021-03-25 00:00:00,34.0,28.1,19,90
2021-03-25 06:00:00,,27.4,16,80
2021-03-25 12:00:00,,30.7,17,90
2021-03-25 18:00:00,34.0,29.1,12,90
2021-03-26 00:00:00,29.0,27.8,24,90
2021-03-26 06:00:00,21.0,26.9,17,115
2021-03-26 12:00:00,14.0,30.3,15,115
2021-03-26 18:00:00,11.0,28.7,10,65
2021-03-27 00:00:00,12.0,28.1,9,140
2021-03-27 06:00:00,13.0,27.1,7,115
2021-03-27 12:00:00,12.0,30.3,15,95
2021-03-27 18:00:00,,28.9,13,105
2021-03-28 00:00:00,12.0,27.9,16,140
2021-03-28 06:00:00,,27.4,12,155
2021-03-28 12:00:00,13.0,30.9,11,125
2021-03-28 18:00:00,11.0,29.3,17,125
2021-03-29 00:00:00,11.0,27.9,20,175
2021-03-29 06:00:00,11.0,27.4,15,200
2021-03-29 12:00:00,11.0,31.1,4,200
2021-03-29 18:00:00,12.0,29.6,11,125
2021-03-30 00:00:00,11.0,28.3,15,200
2021-03-30 06:00:00,10.0,27.8,23,205
2021-03-30 12:00:00,8.0,31.0,20,230
2021-03-30 18:00:00,6.0,29.6,13,255
2021-03-31 00:00:00,,28.5,11,250
2021-03-31 06:00:00,,28.0,10,220
2021-03-31 12:00:00,8.0,31.3,16,225
2021-03-31 18:00:00,11.0,30.0,16,240
2021-04-01 00:00:00,,28.6,17,230
2021-04-01 06:00:00,11.0,28.0,17,210
2021-04-01 12:00:00,11.0,31.5,18,220
2021-04-01 18:00:00,9.0,29.8,17,210
2021-04-02 00:00:00,9.0,28.8,24,210
2021-04-02 06:00:00,9.0,28.4,26,210
2021-04-02 12:00:00,7.0,31.3,21,190
2021-04-02 18:00:00,6.0,29.9,24,200
2021-04-03 00:00:00,5.0,28.8,15,210
2021-04-03 06:00:00,5.0,28.1,9,160
2021-04-03 12:00:00,6.0,32.0,17,100
2021-04-03 18:00:00,5.0,30.2,18,105
2021-04-04 00:00:00,6.0,28.8,20,145
2021-04-04 06:00:00,5.0,28.2,19,170
2021-04-04 12:00:00,5.0,28.3,15,160
2021-04-04 18:00:00,6.0,27.3,28,150
2021-04-05 00:00:00,6.0,27.3,28,150
2021-04-05 06:00:00,9.0,26.4,20,125
2021-04-05 12:00:00,12.0,30.1,21,135
2021-04-05 18:00:00,14.0,28.7,30,145
2021-04-06 00:00:00,,27.5,29,140
2021-04-06 06:00:00,17.0,27.0,27,150
2021-04-06 12:00:00,,28.7,19,160
2021-04-06 18:00:00,19.0,28.5,14,125
2021-04-07 00:00:00,21.0,27.5,11,105
2021-04-07 06:00:00,21.0,26.7,5,65
2021-04-07 12:00:00,21.0,29.6,8,75
2021-04-07 18:00:00,,28.9,10,70
2021-04-08 00:00:00,,28.0,12,55
2021-04-08 06:00:00,27.0,27.8,3,280
2021-04-08 12:00:00,28.0,30.3,3,280
2021-04-08 18:00:00,26.0,29.0,2,50
2021-04-09 00:00:00,23.0,28.2,5,55
2021-04-09 06:00:00,22.0,27.7,5,55
2021-04-09 12:00:00,20.0,30.1,4,95
2021-04-09 18:00:00,20.0,26.8,4,80
2021-04-10 00:00:00,18.0,27.9,15,75
2021-04-10 06:00:00,19.0,27.6,19,90
2021-04-10 12:00:00,19.0,30.7,18,95
2021-04-10 18:00:00,21.0,29.9,16,90
2021-04-11 00:00:00,20.0,27.9,24,85
2021-04-11 06:00:00,,27.4,15,100
2021-04-11 12:00:00,19.0,30.7,12,100
2021-04-11 18:00:00,18.0,27.9,16,110
2021-04-12 00:00:00,19.0,27.3,14,65
2021-04-12 06:00:00,19.0,27.0,19,110
2021-04-12 12:00:00,17.0,29.3,15,110
2021-04-12 18:00:00,,29.2,12,110
2021-04-13 00:00:00,17.0,28.2,11,130
2021-04-13 06:00:00,17.0,27.7,6,140
2021-04-13 12:00:00,17.0,30.5,10,115
2021-04-13 18:00:00,15.0,29.5,12,130
2021-04-14 00:00:00,13.0,28.5,9,145
2021-04-14 06:00:00,12.0,28.1,11,180
2021-04-14 12:00:00,12.0,27.6,7,185
2021-04-14 18:00:00,,27.3,9,205
2021-04-15 00:00:00,13.0,27.5,9,245
2021-04-15 06:00:00,14.0,26.9,2,205
2021-04-15 12:00:00,15.0,30.3,7,225
2021-04-15 18:00:00,15.0,30.1,1,300
2021-04-16 00:00:00,14.0,28.6,1,80
2021-04-16 06:00:00,13.0,28.1,9,185
2021-04-16 12:00:00,13.0,31.0,15,195
2021-04-16 18:00:00,,30.4,22,210
2021-04-17 00:00:00,13.0,28.5,22,225
2021-04-17 06:00:00,,27.9,13,220
2021-04-17 12:00:00,12.0,30.2,6,230
2021-04-17 18:00:00,12.0,29.8,6,285
2021-04-18 00:00:00,,28.7,2,190
2021-04-18 06:00:00,12.0,27.7,8,185
2021-04-18 12:00:00,11.0,30.8,11,215
2021-04-18 18:00:00,9.0,29.6,16,260
2021-04-19 00:00:00,8.0,29.0,13,240
2021-04-19 06:00:00,8.0,27.9,21,235
2021-04-19 12:00:00,8.0,30.1,17,230
2021-04-19 18:00:00,8.0,29.3,15,240
2021-04-20 00:00:00,8.0,27.8,12,240
2021-04-20 06:00:00,8.0,27.8,17,220
2021-04-20 12:00:00,,30.0,10,225
2021-04-20 18:00:00,5.0,29.1,4,250
2021-04-21 00:00:00,5.0,28.2,7,175
2021-04-21 06:00:00,4.0,28.0,7,185
2021-04-21 12:00:00,,30.8,7,210
2021-04-21 18:00:00,5.0,29.7,5,320
2021-04-22 00:00:00,5.0,28.9,2,290
2021-04-22 06:00:00,,28.2,8,220
2021-04-22 12:00:00,7.0,31.5,5,265
2021-04-22 18:00:00,10.0,30.2,9,325
2021-04-23 00:00:00,13.0,29.1,4,285
2021-04-23 06:00:00,,28.2,6,240
2021-04-23 12:00:00,17.0,30.5,4,240
2021-04-23 18:00:00,16.0,29.6,12,270
2021-04-24 00:00:00,16.0,28.6,12,220
2021-04-24 06:00:00,15.0,28.2,9,240
2021-04-24 12:00:00,13.0,30.4,3,185
2021-04-24 18:00:00,13.0,29.2,4,200
2021-04-25 00:00:00,15.0,28.1,6,260
2021-04-25 06:00:00,17.0,28.2,14,215
2021-04-25 12:00:00,19.0,30.4,7,235
2021-04-25 18:00:00,21.0,29.4,7,240
2021-04-26 00:00:00,20.0,28.4,4,235
2021-04-26 06:00:00,22.0,28.0,8,180
2021-04-26 12:00:00,20.0,30.3,13,190
2021-04-26 18:00:00,18.0,29.4,12,220
2021-04-27 00:00:00,,28.6,15,245
2021-04-27 06:00:00,15.0,27.9,13,225
2021-04-27 12:00:00,12.0,30.1,2,125
2021-04-27 18:00:00,12.0,28.7,8,105
2021-04-28 00:00:00,12.0,28.2,8,140
2021-04-28 06:00:00,11.0,27.4,10,105
2021-04-28 12:00:00,15.0,29.9,12,105
2021-04-28 18:00:00,15.0,28.9,16,115
2021-04-29 00:00:00,,28.1,24,150
2021-04-29 06:00:00,16.0,27.4,20,160
2021-04-29 12:00:00,13.0,29.3,16,150
2021-04-29 18:00:00,10.0,27.4,14,140
2021-04-30 00:00:00,9.0,27.0,8,140
2021-04-30 06:00:00,9.0,26.2,12,150
2021-04-30 12:00:00,12.0,29.3,14,140
2021-04-30 18:00:00,,29.6,11,135
2021-05-01 00:00:00,12.0,27.8,25,145
2021-05-01 06:00:00,11.0,27.4,17,160
2021-05-01 12:00:00,10.0,30.2,14,140
2021-05-01 18:00:00,11.0,30.1,15,120
2021-05-02 00:00:00,12.0,28.4,11,120
2021-05-02 06:00:00,,27.2,14,105
2021-05-02 12:00:00,16.0,30.3,13,110
2021-05-02 18:00:00,,29.9,13,100
2021-05-03 00:00:00,20.0,28.4,9,105
2021-05-03 06:00:00,20.0,27.6,13,110
2021-05-03 12:00:00,20.0,30.7,14,110
2021-05-03 18:00:00,18.0,29.8,12,70
2021-05-04 00:00:00,18.0,28.8,13,80
2021-05-04 06:00:00,17.0,28.7,13,90
2021-05-04 12:00:00,17.0,31.3,10,75
2021-05-04 18:00:00,,30.1,20,70
2021-05-05 00:00:00,17.0,28.9,8,80
2021-05-05 06:00:00,17.0,28.3,8,65
2021-05-05 12:00:00,,31.2,19,85
2021-05-05 18:00:00,17.0,30.2,21,60
2021-05-06 00:00:00,18.0,29.1,19,85
2021-05-06 06:00:00,18.0,29.1,13,95
2021-05-06 12:00:00,18.0,30.6,17,75
2021-05-06 18:00:00,17.0,28.6,22,70
2021-05-07 00:00:00,15.0,27.3,20,85
2021-05-07 06:00:00,13.0,26.3,30,115
2021-05-07 12:00:00,13.0,28.2,26,85
2021-05-07 18:00:00,13.0,29.3,19,80
2021-05-08 00:00:00,13.0,28.2,21,100
2021-05-08 06:00:00,15.0,27.7,15,110
2021-05-08 12:00:00,14.0,30.9,15,100
2021-05-08 18:00:00,14.0,29.4,10,110
2021-05-09 00:00:00,13.0,28.4,8,225
2021-05-09 06:00:00,14.0,28.3,4,185
2021-05-09 12:00:00,16.0,30.7,4,115
2021-05-09 18:00:00,17.0,29.7,7,50
2021-05-10 00:00:00,16.0,28.6,4,140
2021-05-10 06:00:00,,28.2,5,180
2021-05-10 12:00:00,,30.8,4,185
2021-05-10 18:00:00,14.0,30.4,2,90
2021-05-11 00:00:00,13.0,28.6,5,195
2021-05-11 06:00:00,14.0,28.2,8,155
2021-05-11 12:00:00,11.0,31.1,8,165
2021-05-11 18:00:00,11.0,29.8,6,255
2021-05-12 00:00:00,10.0,28.7,8,225
2021-05-12 06:00:00,9.0,28.5,10,200
2021-05-12 12:00:00,10.0,31.3,7,170
2021-05-12 18:00:00,10.0,29.9,4,55
2021-05-13 00:00:00,10.0,28.8,12,180
2021-05-13 06:00:00,,28.5,10,185
2021-05-13 12:00:00,7.0,31.3,7,150
2021-05-13 18:00:00,6.0,30.4,2,55
2021-05-14 00:00:00,6.0,29.1,5,130
2021-05-14 06:00:00,,28.5,12,160
2021-05-14 12:00:00,6.0,31.2,10,190
2021-05-14 18:00:00,7.0,30.3,4,155
2021-05-15 00:00:00,6.0,29.2,9,125
2021-05-15 06:00:00,6.0,28.6,7,160
2021-05-15 12:00:00,5.0,30.5,6,150
2021-05-15 18:00:00,5.0,30.2,3,120
2021-05-16 00:00:00,6.0,29.0,3,120
2021-05-16 06:00:00,6.0,28.8,7,110
2021-05-16 12:00:00,8.0,31.2,8,110
2021-05-16 18:00:00,8.0,29.9,5,115
2021-05-17 00:00:00,8.0,28.7,12,145
2021-05-17 06:00:00,,28.6,13,135
2021-05-17 12:00:00,,30.5,12,160
2021-05-17 18:00:00,9.0,30.8,6,155
2021-05-18 00:00:00,10.0,29.3,8,135
2021-05-18 06:00:00,,28.7,15,160
2021-05-18 12:00:00,,31.6,10,180
2021-05-18 18:00:00,8.0,30.7,9,200
2021-05-19 00:00:00,7.0,29.2,9,225
2021-05-19 06:00:00,8.0,28.4,9,225
2021-05-19 12:00:00,8.0,31.6,10,270
2021-05-19 18:00:00,11.0,29.9,10,305
2021-05-20 00:00:00,14.0,28.9,16,260
2021-05-20 06:00:00,13.0,28.3,8,255
2021-05-20 12:00:00,16.0,30.8,9,230
2021-05-20 18:00:00,12.0,29.9,9,230
2021-05-21 00:00:00,10.0,28.9,10,260
2021-05-21 06:00:00,11.0,28.2,10,260
2021-05-21 12:00:00,,30.6,9,255
2021-05-21 18:00:00,,29.8,17,270
2021-05-22 00:00:00,,28.8,19,255
2021-05-22 06:00:00,11.0,28.0,36,270
2021-05-22 12:00:00,10.0,30.1,25,285
2021-05-22 18:00:00,8.0,30.5,39,265
2021-05-23 00:00:00,8.0,28.8,42,280
2021-05-23 06:00:00,,28.6,62,275
2021-05-23 12:00:00,11.0,28.6,54,280
2021-05-23 18:00:00,10.0,30.3,33,290
2021-05-24 00:00:00,11.0,29.8,36,285
2021-05-24 06:00:00,10.0,29.8,42,290
2021-05-24 12:00:00,12.0,31.0,36,285
2021-05-24 18:00:00,,30.5,33,275
2021-05-25 00:00:00,10.0,28.8,33,260
2021-05-25 06:00:00,11.0,28.4,38,260
2021-05-25 12:00:00,,29.1,30,285
2021-05-25 18:00:00,10.0,28.0,29,275
2021-05-26 00:00:00,10.0,27.1,33,260
2021-05-26 06:00:00,11.0,27.5,29,310
2021-05-26 12:00:00,12.0,29.7,23,285
2021-05-26 18:00:00,9.0,28.8,27,290
2021-05-27 00:00:00,10.0,28.3,21,305
2021-05-27 06:00:00,9.0,27.5,10,270
2021-05-27 12:00:00,9.0,29.0,14,265
2021-05-27 18:00:00,10.0,28.3,12,230
2021-05-28 00:00:00,,27.2,18,240
2021-05-28 06:00:00,10.0,27.6,12,215
2021-05-28 12:00:00,10.0,28.7,19,195
2021-05-28 18:00:00,9.0,28.4,23,225
2021-05-29 00:00:00,9.0,27.4,28,225
2021-05-29 06:00:00,9.0,27.6,31,240
2021-05-29 12:00:00,9.0,29.9,28,210
2021-05-29 18:00:00,12.0,29.1,32,215
2021-05-30 00:00:00,12.0,28.5,33,240
2021-05-30 06:00:00,12.0,28.1,36,230
2021-05-30 12:00:00,12.0,30.4,37,220
2021-05-30 18:00:00,9.0,29.3,34,225
2021-05-31 00:00:00,,28.7,31,250
2021-05-31 06:00:00,10.0,28.4,25,250
2021-05-31 12:00:00,9.0,30.5,25,220
2021-05-31 18:00:00,10.0,30.4,25,225
2021-06-01 00:00:00,10.0,29.1,20,245
2021-06-01 06:00:00,10.0,28.6,23,245
2021-06-01 12:00:00,13.0,31.1,15,225
2021-06-01 18:00:00,14.0,30.8,19,245
2021-06-02 00:00:00,12.0,29.1,17,235
2021-06-02 06:00:00,12.0,28.5,13,230
2021-06-02 12:00:00,,31.0,13,245
2021-06-02 18:00:00,11.0,30.9,13,245
2021-06-03 00:00:00,11.0,28.9,10,220
2021-06-03 06:00:00,11.0,28.5,17,220
2021-06-03 12:00:00,11.0,28.5,15,220
2021-06-03 18:00:00,13.0,29.9,19,245
2021-06-04 00:00:00,,29.1,19,235
2021-06-04 06:00:00,13.0,28.8,19,255
2021-06-04 12:00:00,14.0,28.8,12,260
2021-06-04 18:00:00,12.0,31.0,25,285
2021-06-05 00:00:00,11.0,29.2,19,235
2021-06-05 06:00:00,12.0,28.8,26,245
2021-06-05 12:00:00,11.0,30.5,19,275
2021-06-05 18:00:00,,29.9,28,270
2021-06-06 00:00:00,11.0,28.9,26,260
2021-06-06 06:00:00,10.0,28.6,26,290
2021-06-06 12:00:00,9.0,30.7,28,285
2021-06-06 18:00:00,9.0,29.4,34,275
2021-06-07 00:00:00,8.0,28.8,33,275
2021-06-07 06:00:00,10.0,28.3,34,275
2021-06-07 12:00:00,8.0,29.3,41,270
2021-06-07 18:00:00,,28.2,33,265
2021-06-08 00:00:00,9.0,28.3,47,270
2021-06-08 06:00:00,10.0,27.7,43,260
2021-06-08 12:00:00,12.0,27.5,37,250
2021-06-08 18:00:00,,28.2,36,250
2021-06-09 00:00:00,15.0,27.5,43,240
2021-06-09 06:00:00,15.0,26.5,44,245
2021-06-09 12:00:00,13.0,28.4,51,260
2021-06-09 18:00:00,,28.0,50,260
2021-06-10 00:00:00,8.0,28.0,52,265
2021-06-10 06:00:00,5.0,27.5,52,260
2021-06-10 12:00:00,9.0,27.7,46,270
2021-06-10 18:00:00,,27.4,54,275
2021-06-11 00:00:00,10.0,28.0,44,280
2021-06-11 06:00:00,11.0,27.2,52,275
2021-06-11 12:00:00,9.0,27.7,45,270
2021-06-11 18:00:00,10.0,27.6,49,270
2021-06-12 00:00:00,10.0,25.9,49,275
2021-06-12 06:00:00,11.0,27.0,49,275
2021-06-12 12:00:00,11.0,27.6,52,270
2021-06-12 18:00:00,11.0,29.1,53,275
2021-06-13 00:00:00,13.0,28.3,54,265
2021-06-13 06:00:00,12.0,28.0,52,265
2021-06-13 12:00:00,12.0,28.9,42,255
2021-06-13 18:00:00,13.0,29.0,44,265
2021-06-14 00:00:00,12.0,27.9,43,260
2021-06-14 06:00:00,12.0,27.9,52,260
2021-06-14 12:00:00,12.0,29.4,42,255
2021-06-14 18:00:00,12.0,28.4,47,260
2021-06-15 00:00:00,10.0,28.0,49,260
2021-06-15 06:00:00,9.0,27.3,51,265
2021-06-15 12:00:00,7.0,29.2,42,270
2021-06-15 18:00:00,6.0,28.2,36,260
2021-06-16 00:00:00,8.0,28.1,39,265
2021-06-16 06:00:00,8.0,27.7,32,265
2021-06-16 12:00:00,,29.2,33,250
2021-06-16 18:00:00,9.0,28.9,38,265
2021-06-17 00:00:00,7.0,28.3,33,260
2021-06-17 06:00:00,8.0,28.1,27,250
2021-06-17 12:00:00,7.0,29.3,25,260
2021-06-17 18:00:00,7.0,29.0,25,265
2021-06-18 00:00:00,9.0,28.5,21,260
2021-06-18 06:00:00,8.0,27.8,22,275
2021-06-18 12:00:00,11.0,29.8,16,250
2021-06-18 18:00:00,11.0,30.0,21,265
2021-06-19 00:00:00,10.0,28.2,20,265
2021-06-19 06:00:00,10.0,27.9,18,275
2021-06-19 12:00:00,11.0,30.2,18,280
2021-06-19 18:00:00,11.0,30.0,24,285
2021-06-20 00:00:00,,28.2,17,250
2021-06-20 06:00:00,10.0,28.1,22,295
2021-06-20 12:00:00,10.0,30.3,20,280
2021-06-20 18:00:00,10.0,30.6,27,285
2021-06-21 00:00:00,11.0,28.4,23,265
2021-06-21 06:00:00,10.0,28.1,25,295
2021-06-21 12:00:00,9.0,30.0,20,280
2021-06-21 18:00:00,10.0,29.8,20,280
2021-06-22 00:00:00,12.0,29.8,19,280
2021-06-22 06:00:00,14.0,27.4,15,275
2021-06-22 12:00:00,14.0,29.9,13,270
2021-06-22 18:00:00,15.0,29.4,18,260
2021-06-23 00:00:00,,28.1,31,260
2021-06-23 06:00:00,12.0,27.4,24,270
2021-06-23 12:00:00,14.0,29.7,25,270
2021-06-23 18:00:00,,28.3,30,270
2021-06-24 00:00:00,,27.3,33,275
2021-06-24 06:00:00,13.0,27.2,27,280
2021-06-24 12:00:00,10.0,29.1,25,295
2021-06-24 18:00:00,9.0,28.7,23,290
2021-06-25 00:00:00,9.0,28.1,15,290
2021-06-25 06:00:00,10.0,27.5,23,275
2021-06-25 12:00:00,12.0,29.7,16,250
2021-06-25 18:00:00,13.0,28.7,23,260
2021-06-26 00:00:00,14.0,27.9,19,235
2021-06-26 06:00:00,14.0,27.2,23,225
2021-06-26 12:00:00,13.0,29.7,24,210
2021-06-26 18:00:00,11.0,28.8,22,220
2021-06-27 00:00:00,14.0,27.8,23,225
2021-06-27 06:00:00,,27.9,24,230
2021-06-27 12:00:00,19.0,30.0,24,215
2021-06-27 18:00:00,18.0,29.2,23,240
2021-06-28 00:00:00,20.0,28.5,23,235
2021-06-28 06:00:00,21.0,27.8,27,235
2021-06-28 12:00:00,18.0,30.2,27,240
2021-06-28 18:00:00,17.0,29.5,28,275
2021-06-29 00:00:00,18.0,28.4,15,265
2021-06-29 06:00:00,,28.0,17,255
2021-06-29 12:00:00,17.0,30.4,17,240
2021-06-29 18:00:00,18.0,29.2,23,260
2021-06-30 00:00:00,19.0,28.4,21,245
2021-06-30 06:00:00,18.0,27.8,24,255
2021-06-30 12:00:00,15.0,30.0,20,250
2021-06-30 18:00:00,13.0,29.1,26,250
2021-07-01 00:00:00,14.0,28.4,21,255
2021-07-01 06:00:00,16.0,27.7,20,255
2021-07-01 12:00:00,14.0,30.2,14,245
2021-07-01 18:00:00,16.0,29.6,26,260
