,date,PM2.5,date_utc,url_date,temp
7000,2021-04-18 16:00:00,18.0,2021-04-18 09:00:00,2021/04/18/0900Z,33.3
7001,2021-04-18 17:00:00,17.0,2021-04-18 10:00:00,2021/04/18/1000Z,33.1
7002,2021-04-18 18:00:00,17.0,2021-04-18 11:00:00,2021/04/18/1100Z,32.6
7003,2021-04-18 19:00:00,17.0,2021-04-18 12:00:00,2021/04/18/1200Z,31.6
7004,2021-04-18 20:00:00,17.0,2021-04-18 13:00:00,2021/04/18/1300Z,30.1
7005,2021-04-18 21:00:00,17.0,2021-04-18 14:00:00,2021/04/18/1400Z,29.7
7006,2021-04-18 22:00:00,17.0,2021-04-18 15:00:00,2021/04/18/1500Z,29.3
7007,2021-04-18 23:00:00,17.0,2021-04-18 16:00:00,2021/04/18/1600Z,29.2
7008,2021-04-19 00:00:00,17.0,2021-04-18 17:00:00,2021/04/18/1700Z,29.2
7009,2021-04-19 01:00:00,17.0,2021-04-18 18:00:00,2021/04/18/1800Z,29.3
7010,2021-04-19 02:00:00,17.0,2021-04-18 19:00:00,2021/04/18/1900Z,28.9
7011,2021-04-19 03:00:00,17.0,2021-04-18 20:00:00,2021/04/18/2000Z,28.5
7012,2021-04-19 04:00:00,17.0,2021-04-18 21:00:00,2021/04/18/2100Z,28.0
7013,2021-04-19 05:00:00,16.0,2021-04-18 22:00:00,2021/04/18/2200Z,27.9
7014,2021-04-19 06:00:00,16.0,2021-04-18 23:00:00,2021/04/18/2300Z,27.7
7015,2021-04-19 07:00:00,15.0,2021-04-19 00:00:00,2021/04/19/0000Z,27.9
7016,2021-04-19 08:00:00,15.0,2021-04-19 01:00:00,2021/04/19/0100Z,28.7
7017,2021-04-19 09:00:00,15.0,2021-04-19 02:00:00,2021/04/19/0200Z,29.9
7018,2021-04-19 10:00:00,15.0,2021-04-19 03:00:00,2021/04/19/0300Z,30.9
7019,2021-04-19 11:00:00,15.0,2021-04-19 04:00:00,2021/04/19/0400Z,31.8
7020,2021-04-19 12:00:00,15.0,2021-04-19 05:00:00,2021/04/19/0500Z,32.7
7021,2021-04-19 13:00:00,,2021-04-19 06:00:00,2021/04/19/0600Z,33.3
7022,2021-04-19 14:00:00,15.0,2021-04-19 07:00:00,2021/04/19/0700Z,33.7
7023,2021-04-19 15:00:00,15.0,2021-04-19 08:00:00,2021/04/19/0800Z,33.5
7024,2021-04-19 16:00:00,15.0,2021-04-19 09:00:00,2021/04/19/0900Z,33.1
7025,2021-04-19 17:00:00,15.0,2021-04-19 10:00:00,2021/04/19/1000Z,32.8
7026,2021-04-19 18:00:00,15.0,2021-04-19 11:00:00,2021/04/19/1100Z,32.0
7027,2021-04-19 19:00:00,14.0,2021-04-19 12:00:00,2021/04/19/1200Z,30.2
7028,2021-04-19 20:00:00,14.0,2021-04-19 13:00:00,2021/04/19/1300Z,28.8
7029,2021-04-19 21:00:00,14.0,2021-04-19 14:00:00,2021/04/19/1400Z,27.6
7030,2021-04-19 22:00:00,14.0,2021-04-19 15:00:00,2021/04/19/1500Z,27.6
7031,2021-04-19 23:00:00,14.0,2021-04-19 16:00:00,2021/04/19/1600Z,28.0
7032,2021-04-20 00:00:00,14.0,2021-04-19 17:00:00,2021/04/19/1700Z,28.5
7033,2021-04-20 01:00:00,14.0,2021-04-19 18:00:00,2021/04/19/1800Z,28.5
7034,2021-04-20 02:00:00,14.0,2021-04-19 19:00:00,2021/04/19/1900Z,28.1
7035,2021-04-20 03:00:00,14.0,2021-04-19 20:00:00,2021/04/19/2000Z,27.8
7036,2021-04-20 04:00:00,14.0,2021-04-19 21:00:00,2021/04/19/2100Z,27.8
7037,2021-04-20 05:00:00,14.0,2021-04-19 22:00:00,2021/04/19/2200Z,27.8
7038,2021-04-20 06:00:00,13.0,2021-04-19 23:00:00,2021/04/19/2300Z,27.6
7039,2021-04-20 07:00:00,,2021-04-20 00:00:00,2021/04/20/0000Z,28.0
7040,2021-04-20 08:00:00,14.0,2021-04-20 01:00:00,2021/04/20/0100Z,29.1
7041,2021-04-20 09:00:00,14.0,2021-04-20 02:00:00,2021/04/20/0200Z,30.2
7042,2021-04-20 10:00:00,14.0,2021-04-20 03:00:00,2021/04/20/0300Z,31.1
7043,2021-04-20 11:00:00,14.0,2021-04-20 04:00:00,2021/04/20/0400Z,31.9
7044,2021-04-20 12:00:00,14.0,2021-04-20 05:00:00,2021/04/20/0500Z,32.5
7045,2021-04-20 13:00:00,14.0,2021-04-20 06:00:00,2021/04/20/0600Z,32.2
7046,2021-04-20 14:00:00,14.0,2021-04-20 07:00:00,2021/04/20/0700Z,32.7
7047,2021-04-20 15:00:00,14.0,2021-04-20 08:00:00,2021/04/20/0800Z,33.0
7048,2021-04-20 16:00:00,15.0,2021-04-20 09:00:00,2021/04/20/0900Z,33.1
7049,2021-04-20 17:00:00,15.0,2021-04-20 10:00:00,2021/04/20/1000Z,32.9
7050,2021-04-20 18:00:00,15.0,2021-04-20 11:00:00,2021/04/20/1100Z,32.2
7051,2021-04-20 19:00:00,15.0,2021-04-20 12:00:00,2021/04/20/1200Z,31.3
7052,2021-04-20 20:00:00,15.0,2021-04-20 13:00:00,2021/04/20/1300Z,30.9
7053,2021-04-20 21:00:00,15.0,2021-04-20 14:00:00,2021/04/20/1400Z,30.3
7054,2021-04-20 22:00:00,15.0,2021-04-20 15:00:00,2021/04/20/1500Z,29.8
7055,2021-04-20 23:00:00,,2021-04-20 16:00:00,2021/04/20/1600Z,29.6
7056,2021-04-21 00:00:00,15.0,2021-04-20 17:00:00,2021/04/20/1700Z,29.4
7057,2021-04-21 01:00:00,16.0,2021-04-20 18:00:00,2021/04/20/1800Z,29.3
7058,2021-04-21 02:00:00,16.0,2021-04-20 19:00:00,2021/04/20/1900Z,29.2
7059,2021-04-21 03:00:00,16.0,2021-04-20 20:00:00,2021/04/20/2000Z,29.0
7060,2021-04-21 04:00:00,16.0,2021-04-20 21:00:00,2021/04/20/2100Z,28.8
7061,2021-04-21 05:00:00,,2021-04-20 22:00:00,2021/04/20/2200Z,28.5
7062,2021-04-21 06:00:00,16.0,2021-04-20 23:00:00,2021/04/20/2300Z,28.5
7063,2021-04-21 07:00:00,16.0,2021-04-21 00:00:00,2021/04/21/0000Z,28.8
7064,2021-04-21 08:00:00,16.0,2021-04-21 01:00:00,2021/04/21/0100Z,30.0
7065,2021-04-21 09:00:00,15.0,2021-04-21 02:00:00,2021/04/21/0200Z,30.9
7066,2021-04-21 10:00:00,15.0,2021-04-21 03:00:00,2021/04/21/0300Z,31.6
7067,2021-04-21 11:00:00,15.0,2021-04-21 04:00:00,2021/04/21/0400Z,32.4
7068,2021-04-21 12:00:00,16.0,2021-04-21 05:00:00,2021/04/21/0500Z,33.1
7069,2021-04-21 13:00:00,15.0,2021-04-21 06:00:00,2021/04/21/0600Z,33.6
7070,2021-04-21 14:00:00,15.0,2021-04-21 07:00:00,2021/04/21/0700Z,33.9
7071,2021-04-21 15:00:00,15.0,2021-04-21 08:00:00,2021/04/21/0800Z,34.0
7072,2021-04-21 16:00:00,15.0,2021-04-21 09:00:00,2021/04/21/0900Z,33.4
7073,2021-04-21 17:00:00,15.0,2021-04-21 10:00:00,2021/04/21/1000Z,33.0
7074,2021-04-21 18:00:00,15.0,2021-04-21 11:00:00,2021/04/21/1100Z,32.6
7075,2021-04-21 19:00:00,16.0,2021-04-21 12:00:00,2021/04/21/1200Z,31.5
7076,2021-04-21 20:00:00,16.0,2021-04-21 13:00:00,2021/04/21/1300Z,30.4
7077,2021-04-21 21:00:00,16.0,2021-04-21 14:00:00,2021/04/21/1400Z,29.9
7078,2021-04-21 22:00:00,16.0,2021-04-21 15:00:00,2021/04/21/1500Z,29.7
7079,2021-04-21 23:00:00,16.0,2021-04-21 16:00:00,2021/04/21/1600Z,29.5
7080,2021-04-22 00:00:00,16.0,2021-04-21 17:00:00,2021/04/21/1700Z,29.3
7081,2021-04-22 01:00:00,,2021-04-21 18:00:00,2021/04/21/1800Z,29.4
7082,2021-04-22 02:00:00,16.0,2021-04-21 19:00:00,2021/04/21/1900Z,29.2
7083,2021-04-22 03:00:00,17.0,2021-04-21 20:00:00,2021/04/21/2000Z,29.1
7084,2021-04-22 04:00:00,17.0,2021-04-21 21:00:00,2021/04/21/2100Z,29.1
7085,2021-04-22 05:00:00,17.0,2021-04-21 22:00:00,2021/04/21/2200Z,28.9
7086,2021-04-22 06:00:00,,2021-04-21 23:00:00,2021/04/21/2300Z,28.8
7087,2021-04-22 07:00:00,17.0,2021-04-22 00:00:00,2021/04/22/0000Z,29.5
7088,2021-04-22 08:00:00,18.0,2021-04-22 01:00:00,2021/04/22/0100Z,30.5
7089,2021-04-22 09:00:00,18.0,2021-04-22 02:00:00,2021/04/22/0200Z,31.7
7090,2021-04-22 10:00:00,18.0,2021-04-22 03:00:00,2021/04/22/0300Z,32.6
7091,2021-04-22 11:00:00,18.0,2021-04-22 04:00:00,2021/04/22/0400Z,33.6
7092,2021-04-22 12:00:00,18.0,2021-04-22 05:00:00,2021/04/22/0500Z,34.3
7093,2021-04-22 13:00:00,19.0,2021-04-22 06:00:00,2021/04/22/0600Z,34.9
7094,2021-04-22 14:00:00,19.0,2021-04-22 07:00:00,2021/04/22/0700Z,34.8
7095,2021-04-22 15:00:00,19.0,2021-04-22 08:00:00,2021/04/22/0800Z,34.5
7096,2021-04-22 16:00:00,19.0,2021-04-22 09:00:00,2021/04/22/0900Z,34.3
7097,2021-04-22 17:00:00,20.0,2021-04-22 10:00:00,2021/04/22/1000Z,34.1
7098,2021-04-22 18:00:00,20.0,2021-04-22 11:00:00,2021/04/22/1100Z,33.1
7099,2021-04-22 19:00:00,19.0,2021-04-22 12:00:00,2021/04/22/1200Z,32.1
7100,2021-04-22 20:00:00,,2021-04-22 13:00:00,2021/04/22/1300Z,31.8
7101,2021-04-22 21:00:00,19.0,2021-04-22 14:00:00,2021/04/22/1400Z,31.3
7102,2021-04-22 22:00:00,19.0,2021-04-22 15:00:00,2021/04/22/1500Z,31.1
7103,2021-04-22 23:00:00,,2021-04-22 16:00:00,2021/04/22/1600Z,31.0
7104,2021-04-23 00:00:00,19.0,2021-04-22 17:00:00,2021/04/22/1700Z,30.7
7105,2021-04-23 01:00:00,19.0,2021-04-22 18:00:00,2021/04/22/1800Z,30.2
7106,2021-04-23 02:00:00,19.0,2021-04-22 19:00:00,2021/04/22/1900Z,30.2
7107,2021-04-23 03:00:00,19.0,2021-04-22 20:00:00,2021/04/22/2000Z,29.8
7108,2021-04-23 04:00:00,19.0,2021-04-22 21:00:00,2021/04/22/2100Z,29.4
7109,2021-04-23 05:00:00,19.0,2021-04-22 22:00:00,2021/04/22/2200Z,29.1
7110,2021-04-23 06:00:00,,2021-04-22 23:00:00,2021/04/22/2300Z,28.7
7111,2021-04-23 07:00:00,20.0,2021-04-23 00:00:00,2021/04/23/0000Z,29.0
7112,2021-04-23 08:00:00,,2021-04-23 01:00:00,2021/04/23/0100Z,29.9
7113,2021-04-23 09:00:00,19.0,2021-04-23 02:00:00,2021/04/23/0200Z,31.0
7114,2021-04-23 10:00:00,19.0,2021-04-23 03:00:00,2021/04/23/0300Z,32.2
7115,2021-04-23 11:00:00,,2021-04-23 04:00:00,2021/04/23/0400Z,33.2
7116,2021-04-23 12:00:00,19.0,2021-04-23 05:00:00,2021/04/23/0500Z,34.0
7117,2021-04-23 13:00:00,19.0,2021-04-23 06:00:00,2021/04/23/0600Z,34.5
7118,2021-04-23 14:00:00,19.0,2021-04-23 07:00:00,2021/04/23/0700Z,34.9
7119,2021-04-23 15:00:00,,2021-04-23 08:00:00,2021/04/23/0800Z,35.0
7120,2021-04-23 16:00:00,19.0,2021-04-23 09:00:00,2021/04/23/0900Z,34.9
7121,2021-04-23 17:00:00,19.0,2021-04-23 10:00:00,2021/04/23/1000Z,34.5
7122,2021-04-23 18:00:00,19.0,2021-04-23 11:00:00,2021/04/23/1100Z,33.6
7123,2021-04-23 19:00:00,19.0,2021-04-23 12:00:00,2021/04/23/1200Z,32.0
7124,2021-04-23 20:00:00,19.0,2021-04-23 13:00:00,2021/04/23/1300Z,31.2
7125,2021-04-23 21:00:00,19.0,2021-04-23 14:00:00,2021/04/23/1400Z,31.0
7126,2021-04-23 22:00:00,19.0,2021-04-23 15:00:00,2021/04/23/1500Z,30.8
7127,2021-04-23 23:00:00,20.0,2021-04-23 16:00:00,2021/04/23/1600Z,30.5
7128,2021-04-24 00:00:00,20.0,2021-04-23 17:00:00,2021/04/23/1700Z,30.1
7129,2021-04-24 01:00:00,20.0,2021-04-23 18:00:00,2021/04/23/1800Z,30.1
7130,2021-04-24 02:00:00,20.0,2021-04-23 19:00:00,2021/04/23/1900Z,29.9
7131,2021-04-24 03:00:00,20.0,2021-04-23 20:00:00,2021/04/23/2000Z,29.6
7132,2021-04-24 04:00:00,20.0,2021-04-23 21:00:00,2021/04/23/2100Z,29.4
7133,2021-04-24 05:00:00,20.0,2021-04-23 22:00:00,2021/04/23/2200Z,29.2
7134,2021-04-24 06:00:00,20.0,2021-04-23 23:00:00,2021/04/23/2300Z,29.1
7135,2021-04-24 07:00:00,20.0,2021-04-24 00:00:00,2021/04/24/0000Z,29.2
7136,2021-04-24 08:00:00,20.0,2021-04-24 01:00:00,2021/04/24/0100Z,30.0
7137,2021-04-24 09:00:00,20.0,2021-04-24 02:00:00,2021/04/24/0200Z,31.4
7138,2021-04-24 10:00:00,,2021-04-24 03:00:00,2021/04/24/0300Z,32.5
7139,2021-04-24 11:00:00,20.0,2021-04-24 04:00:00,2021/04/24/0400Z,33.4
7140,2021-04-24 12:00:00,20.0,2021-04-24 05:00:00,2021/04/24/0500Z,33.8
7141,2021-04-24 13:00:00,20.0,2021-04-24 06:00:00,2021/04/24/0600Z,34.1
7142,2021-04-24 14:00:00,20.0,2021-04-24 07:00:00,2021/04/24/0700Z,34.4
7143,2021-04-24 15:00:00,19.0,2021-04-24 08:00:00,2021/04/24/0800Z,34.6
7144,2021-04-24 16:00:00,19.0,2021-04-24 09:00:00,2021/04/24/0900Z,34.4
7145,2021-04-24 17:00:00,19.0,2021-04-24 10:00:00,2021/04/24/1000Z,33.4
7146,2021-04-24 18:00:00,19.0,2021-04-24 11:00:00,2021/04/24/1100Z,32.0
7147,2021-04-24 19:00:00,19.0,2021-04-24 12:00:00,2021/04/24/1200Z,31.1
7148,2021-04-24 20:00:00,19.0,2021-04-24 13:00:00,2021/04/24/1300Z,30.7
7149,2021-04-24 21:00:00,19.0,2021-04-24 14:00:00,2021/04/24/1400Z,30.4
7150,2021-04-24 22:00:00,19.0,2021-04-24 15:00:00,2021/04/24/1500Z,30.4
7151,2021-04-24 23:00:00,,2021-04-24 16:00:00,2021/04/24/1600Z,30.3
7152,2021-04-25 00:00:00,19.0,2021-04-24 17:00:00,2021/04/24/1700Z,30.2
7153,2021-04-25 01:00:00,19.0,2021-04-24 18:00:00,2021/04/24/1800Z,30.1
7154,2021-04-25 02:00:00,19.0,2021-04-24 19:00:00,2021/04/24/1900Z,30.0
7155,2021-04-25 03:00:00,,2021-04-24 20:00:00,2021/04/24/2000Z,29.6
7156,2021-04-25 04:00:00,19.0,2021-04-24 21:00:00,2021/04/24/2100Z,29.4
7157,2021-04-25 05:00:00,19.0,2021-04-24 22:00:00,2021/04/24/2200Z,29.2
7158,2021-04-25 06:00:00,19.0,2021-04-24 23:00:00,2021/04/24/2300Z,29.0
7159,2021-04-25 07:00:00,19.0,2021-04-25 00:00:00,2021/04/25/0000Z,29.4
7160,2021-04-25 08:00:00,19.0,2021-04-25 01:00:00,2021/04/25/0100Z,30.2
7161,2021-04-25 09:00:00,19.0,2021-04-25 02:00:00,2021/04/25/0200Z,31.1
7162,2021-04-25 10:00:00,19.0,2021-04-25 03:00:00,2021/04/25/0300Z,32.1
7163,2021-04-25 11:00:00,19.0,2021-04-25 04:00:00,2021/04/25/0400Z,32.8
7164,2021-04-25 12:00:00,19.0,2021-04-25 05:00:00,2021/04/25/0500Z,33.3
7165,2021-04-25 13:00:00,19.0,2021-04-25 06:00:00,2021/04/25/0600Z,33.7
7166,2021-04-25 14:00:00,,2021-04-25 07:00:00,2021/04/25/0700Z,33.4
7167,2021-04-25 15:00:00,19.0,2021-04-25 08:00:00,2021/04/25/0800Z,33.1
7168,2021-04-25 16:00:00,19.0,2021-04-25 09:00:00,2021/04/25/0900Z,33.3
7169,2021-04-25 17:00:00,19.0,2021-04-25 10:00:00,2021/04/25/1000Z,33.4
7170,2021-04-25 18:00:00,,2021-04-25 11:00:00,2021/04/25/1100Z,31.8
7171,2021-04-25 19:00:00,19.0,2021-04-25 12:00:00,2021/04/25/1200Z,31.3
7172,2021-04-25 20:00:00,19.0,2021-04-25 13:00:00,2021/04/25/1300Z,30.8
7173,2021-04-25 21:00:00,19.0,2021-04-25 14:00:00,2021/04/25/1400Z,29.6
7174,2021-04-25 22:00:00,19.0,2021-04-25 15:00:00,2021/04/25/1500Z,29.2
7175,2021-04-25 23:00:00,20.0,2021-04-25 16:00:00,2021/04/25/1600Z,29.0
7176,2021-04-26 00:00:00,20.0,2021-04-25 17:00:00,2021/04/25/1700Z,29.2
7177,2021-04-26 01:00:00,20.0,2021-04-25 18:00:00,2021/04/25/1800Z,29.1
7178,2021-04-26 02:00:00,20.0,2021-04-25 19:00:00,2021/04/25/1900Z,29.1
7179,2021-04-26 03:00:00,20.0,2021-04-25 20:00:00,2021/04/25/2000Z,28.6
7180,2021-04-26 04:00:00,20.0,2021-04-25 21:00:00,2021/04/25/2100Z,28.6
7181,2021-04-26 05:00:00,19.0,2021-04-25 22:00:00,2021/04/25/2200Z,28.6
7182,2021-04-26 06:00:00,19.0,2021-04-25 23:00:00,2021/04/25/2300Z,28.5
7183,2021-04-26 07:00:00,19.0,2021-04-26 00:00:00,2021/04/26/0000Z,28.4
7184,2021-04-26 08:00:00,,2021-04-26 01:00:00,2021/04/26/0100Z,29.1
7185,2021-04-26 09:00:00,19.0,2021-04-26 02:00:00,2021/04/26/0200Z,30.1
7186,2021-04-26 10:00:00,19.0,2021-04-26 03:00:00,2021/04/26/0300Z,31.0
7187,2021-04-26 11:00:00,19.0,2021-04-26 04:00:00,2021/04/26/0400Z,32.0
7188,2021-04-26 12:00:00,19.0,2021-04-26 05:00:00,2021/04/26/0500Z,32.7
7189,2021-04-26 13:00:00,19.0,2021-04-26 06:00:00,2021/04/26/0600Z,33.3
7190,2021-04-26 14:00:00,19.0,2021-04-26 07:00:00,2021/04/26/0700Z,33.2
7191,2021-04-26 15:00:00,19.0,2021-04-26 08:00:00,2021/04/26/0800Z,33.1
7192,2021-04-26 16:00:00,19.0,2021-04-26 09:00:00,2021/04/26/0900Z,32.8
7193,2021-04-26 17:00:00,19.0,2021-04-26 10:00:00,2021/04/26/1000Z,32.5
7194,2021-04-26 18:00:00,19.0,2021-04-26 11:00:00,2021/04/26/1100Z,32.0
7195,2021-04-26 19:00:00,19.0,2021-04-26 12:00:00,2021/04/26/1200Z,31.3
7196,2021-04-26 20:00:00,19.0,2021-04-26 13:00:00,2021/04/26/1300Z,30.5
7197,2021-04-26 21:00:00,19.0,2021-04-26 14:00:00,2021/04/26/1400Z,30.2
7198,2021-04-26 22:00:00,19.0,2021-04-26 15:00:00,2021/04/26/1500Z,29.7
7199,2021-04-26 23:00:00,19.0,2021-04-26 16:00:00,2021/04/26/1600Z,29.5
7200,2021-04-27 00:00:00,,2021-04-26 17:00:00,2021/04/26/1700Z,29.2
7201,2021-04-27 01:00:00,19.0,2021-04-26 18:00:00,2021/04/26/1800Z,28.9
7202,2021-04-27 02:00:00,19.0,2021-04-26 19:00:00,2021/04/26/1900Z,28.6
7203,2021-04-27 03:00:00,19.0,2021-04-26 20:00:00,2021/04/26/2000Z,28.2
7204,2021-04-27 04:00:00,19.0,2021-04-26 21:00:00,2021/04/26/2100Z,28.0
7205,2021-04-27 05:00:00,,2021-04-26 22:00:00,2021/04/26/2200Z,28.0
7206,2021-04-27 06:00:00,19.0,2021-04-26 23:00:00,2021/04/26/2300Z,27.8
7207,2021-04-27 07:00:00,20.0,2021-04-27 00:00:00,2021/04/27/0000Z,28.0
7208,2021-04-27 08:00:00,19.0,2021-04-27 01:00:00,2021/04/27/0100Z,28.6
7209,2021-04-27 09:00:00,20.0,2021-04-27 02:00:00,2021/04/27/0200Z,29.2
7210,2021-04-27 10:00:00,19.0,2021-04-27 03:00:00,2021/04/27/0300Z,30.0
7211,2021-04-27 11:00:00,20.0,2021-04-27 04:00:00,2021/04/27/0400Z,30.8
7212,2021-04-27 12:00:00,20.0,2021-04-27 05:00:00,2021/04/27/0500Z,31.1
7213,2021-04-27 13:00:00,19.0,2021-04-27 06:00:00,2021/04/27/0600Z,31.2
7214,2021-04-27 14:00:00,19.0,2021-04-27 07:00:00,2021/04/27/0700Z,31.4
7215,2021-04-27 15:00:00,19.0,2021-04-27 08:00:00,2021/04/27/0800Z,31.6
7216,2021-04-27 16:00:00,19.0,2021-04-27 09:00:00,2021/04/27/0900Z,31.5
7217,2021-04-27 17:00:00,19.0,2021-04-27 10:00:00,2021/04/27/1000Z,31.1
7218,2021-04-27 18:00:00,19.0,2021-04-27 11:00:00,2021/04/27/1100Z,29.4
7219,2021-04-27 19:00:00,18.0,2021-04-27 12:00:00,2021/04/27/1200Z,28.4
7220,2021-04-27 20:00:00,18.0,2021-04-27 13:00:00,2021/04/27/1300Z,28.2
7221,2021-04-27 21:00:00,18.0,2021-04-27 14:00:00,2021/04/27/1400Z,27.8
7222,2021-04-27 22:00:00,19.0,2021-04-27 15:00:00,2021/04/27/1500Z,27.9
7223,2021-04-27 23:00:00,19.0,2021-04-27 16:00:00,2021/04/27/1600Z,27.8
7224,2021-04-28 00:00:00,18.0,2021-04-27 17:00:00,2021/04/27/1700Z,27.9
7225,2021-04-28 01:00:00,18.0,2021-04-27 18:00:00,2021/04/27/1800Z,27.7
7226,2021-04-28 02:00:00,18.0,2021-04-27 19:00:00,2021/04/27/1900Z,27.5
7227,2021-04-28 03:00:00,,2021-04-27 20:00:00,2021/04/27/2000Z,27.3
7228,2021-04-28 04:00:00,19.0,2021-04-27 21:00:00,2021/04/27/2100Z,27.2
7229,2021-04-28 05:00:00,19.0,2021-04-27 22:00:00,2021/04/27/2200Z,27.2
7230,2021-04-28 06:00:00,19.0,2021-04-27 23:00:00,2021/04/27/2300Z,27.0
7231,2021-04-28 07:00:00,19.0,2021-04-28 00:00:00,2021/04/28/0000Z,27.1
7232,2021-04-28 08:00:00,19.0,2021-04-28 01:00:00,2021/04/28/0100Z,27.9
7233,2021-04-28 09:00:00,20.0,2021-04-28 02:00:00,2021/04/28/0200Z,28.6
7234,2021-04-28 10:00:00,20.0,2021-04-28 03:00:00,2021/04/28/0300Z,29.4
7235,2021-04-28 11:00:00,20.0,2021-04-28 04:00:00,2021/04/28/0400Z,30.2
7236,2021-04-28 12:00:00,20.0,2021-04-28 05:00:00,2021/04/28/0500Z,30.8
7237,2021-04-28 13:00:00,20.0,2021-04-28 06:00:00,2021/04/28/0600Z,30.8
7238,2021-04-28 14:00:00,20.0,2021-04-28 07:00:00,2021/04/28/0700Z,30.6
7239,2021-04-28 15:00:00,21.0,2021-04-28 08:00:00,2021/04/28/0800Z,30.4
7240,2021-04-28 16:00:00,,2021-04-28 09:00:00,2021/04/28/0900Z,30.4
7241,2021-04-28 17:00:00,21.0,2021-04-28 10:00:00,2021/04/28/1000Z,30.2
7242,2021-04-28 18:00:00,21.0,2021-04-28 11:00:00,2021/04/28/1100Z,29.3
7243,2021-04-28 19:00:00,21.0,2021-04-28 12:00:00,2021/04/28/1200Z,27.7
7244,2021-04-28 20:00:00,,2021-04-28 13:00:00,2021/04/28/1300Z,27.7
7245,2021-04-28 21:00:00,21.0,2021-04-28 14:00:00,2021/04/28/1400Z,27.8
7246,2021-04-28 22:00:00,,2021-04-28 15:00:00,2021/04/28/1500Z,27.8
7247,2021-04-28 23:00:00,22.0,2021-04-28 16:00:00,2021/04/28/1600Z,27.9
7248,2021-04-29 00:00:00,22.0,2021-04-28 17:00:00,2021/04/28/1700Z,27.7
7249,2021-04-29 01:00:00,21.0,2021-04-28 18:00:00,2021/04/28/1800Z,27.5
7250,2021-04-29 02:00:00,21.0,2021-04-28 19:00:00,2021/04/28/1900Z,27.0
7251,2021-04-29 03:00:00,20.0,2021-04-28 20:00:00,2021/04/28/2000Z,27.0
7252,2021-04-29 04:00:00,20.0,2021-04-28 21:00:00,2021/04/28/2100Z,26.9
7253,2021-04-29 05:00:00,20.0,2021-04-28 22:00:00,2021/04/28/2200Z,26.8
7254,2021-04-29 06:00:00,20.0,2021-04-28 23:00:00,2021/04/28/2300Z,26.8
7255,2021-04-29 07:00:00,19.0,2021-04-29 00:00:00,2021/04/29/0000Z,26.9
7256,2021-04-29 08:00:00,19.0,2021-04-29 01:00:00,2021/04/29/0100Z,27.8
7257,2021-04-29 09:00:00,,2021-04-29 02:00:00,2021/04/29/0200Z,28.5
7258,2021-04-29 10:00:00,18.0,2021-04-29 03:00:00,2021/04/29/0300Z,29.4
7259,2021-04-29 11:00:00,18.0,2021-04-29 04:00:00,2021/04/29/0400Z,30.2
7260,2021-04-29 12:00:00,18.0,2021-04-29 05:00:00,2021/04/29/0500Z,30.9
7261,2021-04-29 13:00:00,18.0,2021-04-29 06:00:00,2021/04/29/0600Z,31.3
7262,2021-04-29 14:00:00,18.0,2021-04-29 07:00:00,2021/04/29/0700Z,31.5
7263,2021-04-29 15:00:00,18.0,2021-04-29 08:00:00,2021/04/29/0800Z,30.4
7264,2021-04-29 16:00:00,18.0,2021-04-29 09:00:00,2021/04/29/0900Z,29.6
7265,2021-04-29 17:00:00,18.0,2021-04-29 10:00:00,2021/04/29/1000Z,28.6
7266,2021-04-29 18:00:00,18.0,2021-04-29 11:00:00,2021/04/29/1100Z,28.2
7267,2021-04-29 19:00:00,18.0,2021-04-29 12:00:00,2021/04/29/1200Z,27.6
7268,2021-04-29 20:00:00,18.0,2021-04-29 13:00:00,2021/04/29/1300Z,27.2
7269,2021-04-29 21:00:00,17.0,2021-04-29 14:00:00,2021/04/29/1400Z,27.6
7270,2021-04-29 22:00:00,17.0,2021-04-29 15:00:00,2021/04/29/1500Z,27.7
7271,2021-04-29 23:00:00,17.0,2021-04-29 16:00:00,2021/04/29/1600Z,27.4
7272,2021-04-30 00:00:00,17.0,2021-04-29 17:00:00,2021/04/29/1700Z,27.1
7273,2021-04-30 01:00:00,17.0,2021-04-29 18:00:00,2021/04/29/1800Z,27.0
7274,2021-04-30 02:00:00,17.0,2021-04-29 19:00:00,2021/04/29/1900Z,26.5
7275,2021-04-30 03:00:00,,2021-04-29 20:00:00,2021/04/29/2000Z,26.6
7276,2021-04-30 04:00:00,17.0,2021-04-29 21:00:00,2021/04/29/2100Z,26.5
7277,2021-04-30 05:00:00,17.0,2021-04-29 22:00:00,2021/04/29/2200Z,26.5
7278,2021-04-30 06:00:00,17.0,2021-04-29 23:00:00,2021/04/29/2300Z,26.4
7279,2021-04-30 07:00:00,17.0,2021-04-30 00:00:00,2021/04/30/0000Z,26.4
7280,2021-04-30 08:00:00,17.0,2021-04-30 01:00:00,2021/04/30/0100Z,26.7
7281,2021-04-30 09:00:00,17.0,2021-04-30 02:00:00,2021/04/30/0200Z,26.9
7282,2021-04-30 10:00:00,17.0,2021-04-30 03:00:00,2021/04/30/0300Z,27.5
7283,2021-04-30 11:00:00,17.0,2021-04-30 04:00:00,2021/04/30/0400Z,28.7
7284,2021-04-30 12:00:00,17.0,2021-04-30 05:00:00,2021/04/30/0500Z,29.8
7285,2021-04-30 13:00:00,17.0,2021-04-30 06:00:00,2021/04/30/0600Z,30.9
7286,2021-04-30 14:00:00,17.0,2021-04-30 07:00:00,2021/04/30/0700Z,31.2
7287,2021-04-30 15:00:00,17.0,2021-04-30 08:00:00,2021/04/30/0800Z,31.2
7288,2021-04-30 16:00:00,17.0,2021-04-30 09:00:00,2021/04/30/0900Z,31.3
7289,2021-04-30 17:00:00,17.0,2021-04-30 10:00:00,2021/04/30/1000Z,30.8
7290,2021-04-30 18:00:00,,2021-04-30 11:00:00,2021/04/30/1100Z,29.7
7291,2021-04-30 19:00:00,18.0,2021-04-30 12:00:00,2021/04/30/1200Z,29.2
7292,2021-04-30 20:00:00,18.0,2021-04-30 13:00:00,2021/04/30/1300Z,28.9
7293,2021-04-30 21:00:00,,2021-04-30 14:00:00,2021/04/30/1400Z,28.7
7294,2021-04-30 22:00:00,19.0,2021-04-30 15:00:00,2021/04/30/1500Z,28.6
7295,2021-04-30 23:00:00,19.0,2021-04-30 16:00:00,2021/04/30/1600Z,28.5
7296,2021-05-01 00:00:00,20.0,2021-04-30 17:00:00,2021/04/30/1700Z,28.2
7297,2021-05-01 01:00:00,19.0,2021-04-30 18:00:00,2021/04/30/1800Z,28.1
7298,2021-05-01 02:00:00,19.0,2021-04-30 19:00:00,2021/04/30/1900Z,27.8
7299,2021-05-01 03:00:00,19.0,2021-04-30 20:00:00,2021/04/30/2000Z,27.6
7300,2021-05-01 04:00:00,19.0,2021-04-30 21:00:00,2021/04/30/2100Z,26.8
7301,2021-05-01 05:00:00,19.0,2021-04-30 22:00:00,2021/04/30/2200Z,26.8
7302,2021-05-01 06:00:00,19.0,2021-04-30 23:00:00,2021/04/30/2300Z,26.8
7303,2021-05-01 07:00:00,19.0,2021-05-01 00:00:00,2021/05/01/0000Z,26.9
7304,2021-05-01 08:00:00,19.0,2021-05-01 01:00:00,2021/05/01/0100Z,27.6
7305,2021-05-01 09:00:00,19.0,2021-05-01 02:00:00,2021/05/01/0200Z,28.5
7306,2021-05-01 10:00:00,,2021-05-01 03:00:00,2021/05/01/0300Z,29.7
7307,2021-05-01 11:00:00,19.0,2021-05-01 04:00:00,2021/05/01/0400Z,30.8
7308,2021-05-01 12:00:00,19.0,2021-05-01 05:00:00,2021/05/01/0500Z,31.6
7309,2021-05-01 13:00:00,19.0,2021-05-01 06:00:00,2021/05/01/0600Z,32.2
7310,2021-05-01 14:00:00,,2021-05-01 07:00:00,2021/05/01/0700Z,32.2
7311,2021-05-01 15:00:00,19.0,2021-05-01 08:00:00,2021/05/01/0800Z,31.1
7312,2021-05-01 16:00:00,,2021-05-01 09:00:00,2021/05/01/0900Z,31.0
7313,2021-05-01 17:00:00,19.0,2021-05-01 10:00:00,2021/05/01/1000Z,31.1
7314,2021-05-01 18:00:00,18.0,2021-05-01 11:00:00,2021/05/01/1100Z,30.7
7315,2021-05-01 19:00:00,18.0,2021-05-01 12:00:00,2021/05/01/1200Z,30.2
7316,2021-05-01 20:00:00,18.0,2021-05-01 13:00:00,2021/05/01/1300Z,29.7
7317,2021-05-01 21:00:00,17.0,2021-05-01 14:00:00,2021/05/01/1400Z,29.3
7318,2021-05-01 22:00:00,17.0,2021-05-01 15:00:00,2021/05/01/1500Z,29.1
7319,2021-05-01 23:00:00,17.0,2021-05-01 16:00:00,2021/05/01/1600Z,29.0
7320,2021-05-02 00:00:00,17.0,2021-05-01 17:00:00,2021/05/01/1700Z,29.0
7321,2021-05-02 01:00:00,17.0,2021-05-01 18:00:00,2021/05/01/1800Z,28.9
7322,2021-05-02 02:00:00,18.0,2021-05-01 19:00:00,2021/05/01/1900Z,28.7
7323,2021-05-02 03:00:00,18.0,2021-05-01 20:00:00,2021/05/01/2000Z,28.4
7324,2021-05-02 04:00:00,18.0,2021-05-01 21:00:00,2021/05/01/2100Z,28.2
7325,2021-05-02 05:00:00,18.0,2021-05-01 22:00:00,2021/05/01/2200Z,28.1
7326,2021-05-02 06:00:00,,2021-05-01 23:00:00,2021/05/01/2300Z,28.0
7327,2021-05-02 07:00:00,19.0,2021-05-02 00:00:00,2021/05/02/0000Z,28.6
7328,2021-05-02 08:00:00,19.0,2021-05-02 01:00:00,2021/05/02/0100Z,29.7
7329,2021-05-02 09:00:00,20.0,2021-05-02 02:00:00,2021/05/02/0200Z,30.7
7330,2021-05-02 10:00:00,20.0,2021-05-02 03:00:00,2021/05/02/0300Z,31.6
7331,2021-05-02 11:00:00,,2021-05-02 04:00:00,2021/05/02/0400Z,32.4
7332,2021-05-02 12:00:00,21.0,2021-05-02 05:00:00,2021/05/02/0500Z,33.1
7333,2021-05-02 13:00:00,21.0,2021-05-02 06:00:00,2021/05/02/0600Z,33.4
7334,2021-05-02 14:00:00,21.0,2021-05-02 07:00:00,2021/05/02/0700Z,33.1
7335,2021-05-02 15:00:00,21.0,2021-05-02 08:00:00,2021/05/02/0800Z,32.8
7336,2021-05-02 16:00:00,21.0,2021-05-02 09:00:00,2021/05/02/0900Z,32.7
7337,2021-05-02 17:00:00,21.0,2021-05-02 10:00:00,2021/05/02/1000Z,32.2
7338,2021-05-02 18:00:00,21.0,2021-05-02 11:00:00,2021/05/02/1100Z,31.6
7339,2021-05-02 19:00:00,22.0,2021-05-02 12:00:00,2021/05/02/1200Z,30.9
7340,2021-05-02 20:00:00,22.0,2021-05-02 13:00:00,2021/05/02/1300Z,30.6
7341,2021-05-02 21:00:00,22.0,2021-05-02 14:00:00,2021/05/02/1400Z,30.3
7342,2021-05-02 22:00:00,22.0,2021-05-02 15:00:00,2021/05/02/1500Z,30.0
7343,2021-05-02 23:00:00,21.0,2021-05-02 16:00:00,2021/05/02/1600Z,29.8
7344,2021-05-03 00:00:00,21.0,2021-05-02 17:00:00,2021/05/02/1700Z,29.5
7345,2021-05-03 01:00:00,21.0,2021-05-02 18:00:00,2021/05/02/1800Z,29.3
7346,2021-05-03 02:00:00,,2021-05-02 19:00:00,2021/05/02/1900Z,29.1
7347,2021-05-03 03:00:00,21.0,2021-05-02 20:00:00,2021/05/02/2000Z,29.0
7348,2021-05-03 04:00:00,,2021-05-02 21:00:00,2021/05/02/2100Z,28.8
7349,2021-05-03 05:00:00,21.0,2021-05-02 22:00:00,2021/05/02/2200Z,28.8
7350,2021-05-03 06:00:00,21.0,2021-05-02 23:00:00,2021/05/02/2300Z,28.7
7351,2021-05-03 07:00:00,20.0,2021-05-03 00:00:00,2021/05/03/0000Z,29.2
7352,2021-05-03 08:00:00,20.0,2021-05-03 01:00:00,2021/05/03/0100Z,30.1
7353,2021-05-03 09:00:00,20.0,2021-05-03 02:00:00,2021/05/03/0200Z,30.9
7354,2021-05-03 10:00:00,19.0,2021-05-03 03:00:00,2021/05/03/0300Z,31.9
7355,2021-05-03 11:00:00,19.0,2021-05-03 04:00:00,2021/05/03/0400Z,32.8
7356,2021-05-03 12:00:00,19.0,2021-05-03 05:00:00,2021/05/03/0500Z,33.5
7357,2021-05-03 13:00:00,19.0,2021-05-03 06:00:00,2021/05/03/0600Z,33.8
7358,2021-05-03 14:00:00,19.0,2021-05-03 07:00:00,2021/05/03/0700Z,34.0
7359,2021-05-03 15:00:00,19.0,2021-05-03 08:00:00,2021/05/03/0800Z,34.0
7360,2021-05-03 16:00:00,19.0,2021-05-03 09:00:00,2021/05/03/0900Z,33.8
7361,2021-05-03 17:00:00,19.0,2021-05-03 10:00:00,2021/05/03/1000Z,33.3
7362,2021-05-03 18:00:00,19.0,2021-05-03 11:00:00,2021/05/03/1100Z,32.5
7363,2021-05-03 19:00:00,19.0,2021-05-03 12:00:00,2021/05/03/1200Z,31.6
7364,2021-05-03 20:00:00,19.0,2021-05-03 13:00:00,2021/05/03/1300Z,31.1
7365,2021-05-03 21:00:00,20.0,2021-05-03 14:00:00,2021/05/03/1400Z,30.9
7366,2021-05-03 22:00:00,20.0,2021-05-03 15:00:00,2021/05/03/1500Z,30.6
7367,2021-05-03 23:00:00,20.0,2021-05-03 16:00:00,2021/05/03/1600Z,30.6
7368,2021-05-04 00:00:00,20.0,2021-05-03 17:00:00,2021/05/03/1700Z,30.3
7369,2021-05-04 01:00:00,,2021-05-03 18:00:00,2021/05/03/1800Z,30.1
7370,2021-05-04 02:00:00,21.0,2021-05-03 19:00:00,2021/05/03/1900Z,29.8
7371,2021-05-04 03:00:00,21.0,2021-05-03 20:00:00,2021/05/03/2000Z,29.7
7372,2021-05-04 04:00:00,,2021-05-03 21:00:00,2021/05/03/2100Z,29.5
7373,2021-05-04 05:00:00,21.0,2021-05-03 22:00:00,2021/05/03/2200Z,29.3
7374,2021-05-04 06:00:00,21.0,2021-05-03 23:00:00,2021/05/03/2300Z,29.0
7375,2021-05-04 07:00:00,21.0,2021-05-04 00:00:00,2021/05/04/0000Z,29.7
7376,2021-05-04 08:00:00,21.0,2021-05-04 01:00:00,2021/05/04/0100Z,30.8
7377,2021-05-04 09:00:00,21.0,2021-05-04 02:00:00,2021/05/04/0200Z,31.6
7378,2021-05-04 10:00:00,22.0,2021-05-04 03:00:00,2021/05/04/0300Z,32.6
7379,2021-05-04 11:00:00,,2021-05-04 04:00:00,2021/05/04/0400Z,33.4
7380,2021-05-04 12:00:00,22.0,2021-05-04 05:00:00,2021/05/04/0500Z,34.0
7381,2021-05-04 13:00:00,,2021-05-04 06:00:00,2021/05/04/0600Z,34.7
7382,2021-05-04 14:00:00,22.0,2021-05-04 07:00:00,2021/05/04/0700Z,34.8
7383,2021-05-04 15:00:00,22.0,2021-05-04 08:00:00,2021/05/04/0800Z,34.5
7384,2021-05-04 16:00:00,,2021-05-04 09:00:00,2021/05/04/0900Z,34.2
7385,2021-05-04 17:00:00,23.0,2021-05-04 10:00:00,2021/05/04/1000Z,33.6
7386,2021-05-04 18:00:00,,2021-05-04 11:00:00,2021/05/04/1100Z,32.8
7387,2021-05-04 19:00:00,23.0,2021-05-04 12:00:00,2021/05/04/1200Z,31.3
7388,2021-05-04 20:00:00,23.0,2021-05-04 13:00:00,2021/05/04/1300Z,30.0
7389,2021-05-04 21:00:00,22.0,2021-05-04 14:00:00,2021/05/04/1400Z,29.3
7390,2021-05-04 22:00:00,22.0,2021-05-04 15:00:00,2021/05/04/1500Z,29.2
7391,2021-05-04 23:00:00,22.0,2021-05-04 16:00:00,2021/05/04/1600Z,29.1
7392,2021-05-05 00:00:00,22.0,2021-05-04 17:00:00,2021/05/04/1700Z,29.2
7393,2021-05-05 01:00:00,22.0,2021-05-04 18:00:00,2021/05/04/1800Z,28.8
7394,2021-05-05 02:00:00,22.0,2021-05-04 19:00:00,2021/05/04/1900Z,28.8
7395,2021-05-05 03:00:00,22.0,2021-05-04 20:00:00,2021/05/04/2000Z,28.8
7396,2021-05-05 04:00:00,22.0,2021-05-04 21:00:00,2021/05/04/2100Z,28.6
7397,2021-05-05 05:00:00,21.0,2021-05-04 22:00:00,2021/05/04/2200Z,28.3
7398,2021-05-05 06:00:00,21.0,2021-05-04 23:00:00,2021/05/04/2300Z,28.0
7399,2021-05-05 07:00:00,21.0,2021-05-05 00:00:00,2021/05/05/0000Z,28.4
7400,2021-05-05 08:00:00,,2021-05-05 01:00:00,2021/05/05/0100Z,29.3
7401,2021-05-05 09:00:00,21.0,2021-05-05 02:00:00,2021/05/05/0200Z,30.7
7402,2021-05-05 10:00:00,21.0,2021-05-05 03:00:00,2021/05/05/0300Z,32.1
7403,2021-05-05 11:00:00,21.0,2021-05-05 04:00:00,2021/05/05/0400Z,33.1
7404,2021-05-05 12:00:00,,2021-05-05 05:00:00,2021/05/05/0500Z,33.8
7405,2021-05-05 13:00:00,21.0,2021-05-05 06:00:00,2021/05/05/0600Z,34.5
7406,2021-05-05 14:00:00,,2021-05-05 07:00:00,2021/05/05/0700Z,34.5
7407,2021-05-05 15:00:00,20.0,2021-05-05 08:00:00,2021/05/05/0800Z,34.5
7408,2021-05-05 16:00:00,20.0,2021-05-05 09:00:00,2021/05/05/0900Z,34.5
7409,2021-05-05 17:00:00,20.0,2021-05-05 10:00:00,2021/05/05/1000Z,34.3
7410,2021-05-05 18:00:00,21.0,2021-05-05 11:00:00,2021/05/05/1100Z,33.5
7411,2021-05-05 19:00:00,21.0,2021-05-05 12:00:00,2021/05/05/1200Z,32.6
7412,2021-05-05 20:00:00,22.0,2021-05-05 13:00:00,2021/05/05/1300Z,32.1
7413,2021-05-05 21:00:00,22.0,2021-05-05 14:00:00,2021/05/05/1400Z,30.9
7414,2021-05-05 22:00:00,22.0,2021-05-05 15:00:00,2021/05/05/1500Z,30.8
7415,2021-05-05 23:00:00,22.0,2021-05-05 16:00:00,2021/05/05/1600Z,30.9
7416,2021-05-06 00:00:00,23.0,2021-05-05 17:00:00,2021/05/05/1700Z,30.6
7417,2021-05-06 01:00:00,,2021-05-05 18:00:00,2021/05/05/1800Z,30.4
7418,2021-05-06 02:00:00,23.0,2021-05-05 19:00:00,2021/05/05/1900Z,30.4
7419,2021-05-06 03:00:00,23.0,2021-05-05 20:00:00,2021/05/05/2000Z,30.1
7420,2021-05-06 04:00:00,23.0,2021-05-05 21:00:00,2021/05/05/2100Z,30.0
7421,2021-05-06 05:00:00,23.0,2021-05-05 22:00:00,2021/05/05/2200Z,29.8
7422,2021-05-06 06:00:00,,2021-05-05 23:00:00,2021/05/05/2300Z,29.2
7423,2021-05-06 07:00:00,23.0,2021-05-06 00:00:00,2021/05/06/0000Z,29.0
7424,2021-05-06 08:00:00,23.0,2021-05-06 01:00:00,2021/05/06/0100Z,29.8
7425,2021-05-06 09:00:00,,2021-05-06 02:00:00,2021/05/06/0200Z,29.6
7426,2021-05-06 10:00:00,22.0,2021-05-06 03:00:00,2021/05/06/0300Z,29.7
7427,2021-05-06 11:00:00,,2021-05-06 04:00:00,2021/05/06/0400Z,29.7
7428,2021-05-06 12:00:00,22.0,2021-05-06 05:00:00,2021/05/06/0500Z,28.0
7429,2021-05-06 13:00:00,,2021-05-06 06:00:00,2021/05/06/0600Z,30.3
7430,2021-05-06 14:00:00,,2021-05-06 07:00:00,2021/05/06/0700Z,29.7
7431,2021-05-06 15:00:00,,2021-05-06 08:00:00,2021/05/06/0800Z,29.6
7432,2021-05-06 16:00:00,21.0,2021-05-06 09:00:00,2021/05/06/0900Z,29.4
7433,2021-05-06 17:00:00,,2021-05-06 10:00:00,2021/05/06/1000Z,29.9
7434,2021-05-06 18:00:00,20.0,2021-05-06 11:00:00,2021/05/06/1100Z,29.4
7435,2021-05-06 19:00:00,20.0,2021-05-06 12:00:00,2021/05/06/1200Z,28.8
7436,2021-05-06 20:00:00,19.0,2021-05-06 13:00:00,2021/05/06/1300Z,28.4
7437,2021-05-06 21:00:00,19.0,2021-05-06 14:00:00,2021/05/06/1400Z,28.3
7438,2021-05-06 22:00:00,18.0,2021-05-06 15:00:00,2021/05/06/1500Z,28.2
7439,2021-05-06 23:00:00,18.0,2021-05-06 16:00:00,2021/05/06/1600Z,27.7
7440,2021-05-07 00:00:00,18.0,2021-05-06 17:00:00,2021/05/06/1700Z,27.1
7441,2021-05-07 01:00:00,,2021-05-06 18:00:00,2021/05/06/1800Z,27.0
7442,2021-05-07 02:00:00,18.0,2021-05-06 19:00:00,2021/05/06/1900Z,26.9
7443,2021-05-07 03:00:00,18.0,2021-05-06 20:00:00,2021/05/06/2000Z,26.6
7444,2021-05-07 04:00:00,17.0,2021-05-06 21:00:00,2021/05/06/2100Z,26.7
7445,2021-05-07 05:00:00,17.0,2021-05-06 22:00:00,2021/05/06/2200Z,26.5
7446,2021-05-07 06:00:00,17.0,2021-05-06 23:00:00,2021/05/06/2300Z,26.6
7447,2021-05-07 07:00:00,17.0,2021-05-07 00:00:00,2021/05/07/0000Z,26.5
7448,2021-05-07 08:00:00,17.0,2021-05-07 01:00:00,2021/05/07/0100Z,26.7
7449,2021-05-07 09:00:00,17.0,2021-05-07 02:00:00,2021/05/07/0200Z,27.1
7450,2021-05-07 10:00:00,17.0,2021-05-07 03:00:00,2021/05/07/0300Z,27.5
7451,2021-05-07 11:00:00,17.0,2021-05-07 04:00:00,2021/05/07/0400Z,27.8
7452,2021-05-07 12:00:00,17.0,2021-05-07 05:00:00,2021/05/07/0500Z,28.2
7453,2021-05-07 13:00:00,,2021-05-07 06:00:00,2021/05/07/0600Z,29.5
7454,2021-05-07 14:00:00,17.0,2021-05-07 07:00:00,2021/05/07/0700Z,29.8
7455,2021-05-07 15:00:00,16.0,2021-05-07 08:00:00,2021/05/07/0800Z,30.6
7456,2021-05-07 16:00:00,16.0,2021-05-07 09:00:00,2021/05/07/0900Z,31.2
7457,2021-05-07 17:00:00,16.0,2021-05-07 10:00:00,2021/05/07/1000Z,30.9
7458,2021-05-07 18:00:00,,2021-05-07 11:00:00,2021/05/07/1100Z,30.1
7459,2021-05-07 19:00:00,16.0,2021-05-07 12:00:00,2021/05/07/1200Z,29.0
7460,2021-05-07 20:00:00,16.0,2021-05-07 13:00:00,2021/05/07/1300Z,28.8
7461,2021-05-07 21:00:00,,2021-05-07 14:00:00,2021/05/07/1400Z,28.4
7462,2021-05-07 22:00:00,16.0,2021-05-07 15:00:00,2021/05/07/1500Z,27.9
7463,2021-05-07 23:00:00,15.0,2021-05-07 16:00:00,2021/05/07/1600Z,27.2
7464,2021-05-08 00:00:00,,2021-05-07 17:00:00,2021/05/07/1700Z,27.0
7465,2021-05-08 01:00:00,15.0,2021-05-07 18:00:00,2021/05/07/1800Z,26.9
7466,2021-05-08 02:00:00,15.0,2021-05-07 19:00:00,2021/05/07/1900Z,27.0
7467,2021-05-08 03:00:00,15.0,2021-05-07 20:00:00,2021/05/07/2000Z,26.9
7468,2021-05-08 04:00:00,15.0,2021-05-07 21:00:00,2021/05/07/2100Z,26.7
7469,2021-05-08 05:00:00,16.0,2021-05-07 22:00:00,2021/05/07/2200Z,26.6
7470,2021-05-08 06:00:00,16.0,2021-05-07 23:00:00,2021/05/07/2300Z,26.5
7471,2021-05-08 07:00:00,16.0,2021-05-08 00:00:00,2021/05/08/0000Z,27.1
7472,2021-05-08 08:00:00,,2021-05-08 01:00:00,2021/05/08/0100Z,28.2
7473,2021-05-08 09:00:00,17.0,2021-05-08 02:00:00,2021/05/08/0200Z,29.4
7474,2021-05-08 10:00:00,17.0,2021-05-08 03:00:00,2021/05/08/0300Z,30.6
7475,2021-05-08 11:00:00,17.0,2021-05-08 04:00:00,2021/05/08/0400Z,31.9
7476,2021-05-08 12:00:00,,2021-05-08 05:00:00,2021/05/08/0500Z,32.9
7477,2021-05-08 13:00:00,18.0,2021-05-08 06:00:00,2021/05/08/0600Z,33.4
7478,2021-05-08 14:00:00,18.0,2021-05-08 07:00:00,2021/05/08/0700Z,33.6
7479,2021-05-08 15:00:00,19.0,2021-05-08 08:00:00,2021/05/08/0800Z,33.3
7480,2021-05-08 16:00:00,19.0,2021-05-08 09:00:00,2021/05/08/0900Z,33.3
7481,2021-05-08 17:00:00,20.0,2021-05-08 10:00:00,2021/05/08/1000Z,33.2
7482,2021-05-08 18:00:00,20.0,2021-05-08 11:00:00,2021/05/08/1100Z,32.1
7483,2021-05-08 19:00:00,20.0,2021-05-08 12:00:00,2021/05/08/1200Z,31.1
7484,2021-05-08 20:00:00,20.0,2021-05-08 13:00:00,2021/05/08/1300Z,30.1
7485,2021-05-08 21:00:00,20.0,2021-05-08 14:00:00,2021/05/08/1400Z,29.6
7486,2021-05-08 22:00:00,20.0,2021-05-08 15:00:00,2021/05/08/1500Z,28.8
7487,2021-05-08 23:00:00,20.0,2021-05-08 16:00:00,2021/05/08/1600Z,28.0
7488,2021-05-09 00:00:00,,2021-05-08 17:00:00,2021/05/08/1700Z,28.0
7489,2021-05-09 01:00:00,20.0,2021-05-08 18:00:00,2021/05/08/1800Z,27.6
7490,2021-05-09 02:00:00,20.0,2021-05-08 19:00:00,2021/05/08/1900Z,27.5
7491,2021-05-09 03:00:00,20.0,2021-05-08 20:00:00,2021/05/08/2000Z,27.6
7492,2021-05-09 04:00:00,20.0,2021-05-08 21:00:00,2021/05/08/2100Z,27.7
7493,2021-05-09 05:00:00,20.0,2021-05-08 22:00:00,2021/05/08/2200Z,27.7
7494,2021-05-09 06:00:00,19.0,2021-05-08 23:00:00,2021/05/08/2300Z,27.7
7495,2021-05-09 07:00:00,19.0,2021-05-09 00:00:00,2021/05/09/0000Z,27.8
7496,2021-05-09 08:00:00,19.0,2021-05-09 01:00:00,2021/05/09/0100Z,28.4
7497,2021-05-09 09:00:00,19.0,2021-05-09 02:00:00,2021/05/09/0200Z,29.6
7498,2021-05-09 10:00:00,19.0,2021-05-09 03:00:00,2021/05/09/0300Z,30.9
7499,2021-05-09 11:00:00,19.0,2021-05-09 04:00:00,2021/05/09/0400Z,31.9
7500,2021-05-09 12:00:00,19.0,2021-05-09 05:00:00,2021/05/09/0500Z,32.6
7501,2021-05-09 13:00:00,19.0,2021-05-09 06:00:00,2021/05/09/0600Z,33.2
7502,2021-05-09 14:00:00,,2021-05-09 07:00:00,2021/05/09/0700Z,33.6
7503,2021-05-09 15:00:00,18.0,2021-05-09 08:00:00,2021/05/09/0800Z,33.7
7504,2021-05-09 16:00:00,18.0,2021-05-09 09:00:00,2021/05/09/0900Z,33.7
7505,2021-05-09 17:00:00,18.0,2021-05-09 10:00:00,2021/05/09/1000Z,33.4
7506,2021-05-09 18:00:00,18.0,2021-05-09 11:00:00,2021/05/09/1100Z,32.7
7507,2021-05-09 19:00:00,18.0,2021-05-09 12:00:00,2021/05/09/1200Z,31.7
7508,2021-05-09 20:00:00,18.0,2021-05-09 13:00:00,2021/05/09/1300Z,31.4
7509,2021-05-09 21:00:00,18.0,2021-05-09 14:00:00,2021/05/09/1400Z,31.0
7510,2021-05-09 22:00:00,18.0,2021-05-09 15:00:00,2021/05/09/1500Z,30.7
7511,2021-05-09 23:00:00,19.0,2021-05-09 16:00:00,2021/05/09/1600Z,30.3
7512,2021-05-10 00:00:00,19.0,2021-05-09 17:00:00,2021/05/09/1700Z,30.0
7513,2021-05-10 01:00:00,19.0,2021-05-09 18:00:00,2021/05/09/1800Z,29.8
7514,2021-05-10 02:00:00,,2021-05-09 19:00:00,2021/05/09/1900Z,29.5
7515,2021-05-10 03:00:00,19.0,2021-05-09 20:00:00,2021/05/09/2000Z,29.5
7516,2021-05-10 04:00:00,19.0,2021-05-09 21:00:00,2021/05/09/2100Z,29.2
7517,2021-05-10 05:00:00,19.0,2021-05-09 22:00:00,2021/05/09/2200Z,29.0
7518,2021-05-10 06:00:00,19.0,2021-05-09 23:00:00,2021/05/09/2300Z,28.9
7519,2021-05-10 07:00:00,19.0,2021-05-10 00:00:00,2021/05/10/0000Z,29.5
7520,2021-05-10 08:00:00,19.0,2021-05-10 01:00:00,2021/05/10/0100Z,30.6
7521,2021-05-10 09:00:00,19.0,2021-05-10 02:00:00,2021/05/10/0200Z,31.5
7522,2021-05-10 10:00:00,19.0,2021-05-10 03:00:00,2021/05/10/0300Z,32.3
7523,2021-05-10 11:00:00,19.0,2021-05-10 04:00:00,2021/05/10/0400Z,33.2
7524,2021-05-10 12:00:00,,2021-05-10 05:00:00,2021/05/10/0500Z,33.8
7525,2021-05-10 13:00:00,19.0,2021-05-10 06:00:00,2021/05/10/0600Z,34.0
7526,2021-05-10 14:00:00,19.0,2021-05-10 07:00:00,2021/05/10/0700Z,34.4
7527,2021-05-10 15:00:00,19.0,2021-05-10 08:00:00,2021/05/10/0800Z,34.5
7528,2021-05-10 16:00:00,,2021-05-10 09:00:00,2021/05/10/0900Z,34.4
7529,2021-05-10 17:00:00,18.0,2021-05-10 10:00:00,2021/05/10/1000Z,34.0
7530,2021-05-10 18:00:00,18.0,2021-05-10 11:00:00,2021/05/10/1100Z,33.0
7531,2021-05-10 19:00:00,18.0,2021-05-10 12:00:00,2021/05/10/1200Z,31.6
7532,2021-05-10 20:00:00,18.0,2021-05-10 13:00:00,2021/05/10/1300Z,31.1
7533,2021-05-10 21:00:00,18.0,2021-05-10 14:00:00,2021/05/10/1400Z,30.7
7534,2021-05-10 22:00:00,17.0,2021-05-10 15:00:00,2021/05/10/1500Z,30.3
7535,2021-05-10 23:00:00,17.0,2021-05-10 16:00:00,2021/05/10/1600Z,29.7
7536,2021-05-11 00:00:00,17.0,2021-05-10 17:00:00,2021/05/10/1700Z,29.2
7537,2021-05-11 01:00:00,16.0,2021-05-10 18:00:00,2021/05/10/1800Z,29.3
7538,2021-05-11 02:00:00,16.0,2021-05-10 19:00:00,2021/05/10/1900Z,29.3
7539,2021-05-11 03:00:00,16.0,2021-05-10 20:00:00,2021/05/10/2000Z,29.2
7540,2021-05-11 04:00:00,16.0,2021-05-10 21:00:00,2021/05/10/2100Z,29.0
7541,2021-05-11 05:00:00,16.0,2021-05-10 22:00:00,2021/05/10/2200Z,29.0
7542,2021-05-11 06:00:00,16.0,2021-05-10 23:00:00,2021/05/10/2300Z,29.0
7543,2021-05-11 07:00:00,16.0,2021-05-11 00:00:00,2021/05/11/0000Z,29.5
7544,2021-05-11 08:00:00,16.0,2021-05-11 01:00:00,2021/05/11/0100Z,30.5
7545,2021-05-11 09:00:00,16.0,2021-05-11 02:00:00,2021/05/11/0200Z,31.5
7546,2021-05-11 10:00:00,,2021-05-11 03:00:00,2021/05/11/0300Z,32.4
7547,2021-05-11 11:00:00,16.0,2021-05-11 04:00:00,2021/05/11/0400Z,33.1
7548,2021-05-11 12:00:00,16.0,2021-05-11 05:00:00,2021/05/11/0500Z,33.8
7549,2021-05-11 13:00:00,,2021-05-11 06:00:00,2021/05/11/0600Z,34.3
7550,2021-05-11 14:00:00,16.0,2021-05-11 07:00:00,2021/05/11/0700Z,34.5
7551,2021-05-11 15:00:00,16.0,2021-05-11 08:00:00,2021/05/11/0800Z,34.4
7552,2021-05-11 16:00:00,17.0,2021-05-11 09:00:00,2021/05/11/0900Z,33.8
7553,2021-05-11 17:00:00,17.0,2021-05-11 10:00:00,2021/05/11/1000Z,33.3
7554,2021-05-11 18:00:00,17.0,2021-05-11 11:00:00,2021/05/11/1100Z,32.8
7555,2021-05-11 19:00:00,17.0,2021-05-11 12:00:00,2021/05/11/1200Z,31.9
7556,2021-05-11 20:00:00,17.0,2021-05-11 13:00:00,2021/05/11/1300Z,31.1
7557,2021-05-11 21:00:00,17.0,2021-05-11 14:00:00,2021/05/11/1400Z,30.9
7558,2021-05-11 22:00:00,17.0,2021-05-11 15:00:00,2021/05/11/1500Z,30.7
7559,2021-05-11 23:00:00,17.0,2021-05-11 16:00:00,2021/05/11/1600Z,30.5
7560,2021-05-12 00:00:00,17.0,2021-05-11 17:00:00,2021/05/11/1700Z,30.3
7561,2021-05-12 01:00:00,17.0,2021-05-11 18:00:00,2021/05/11/1800Z,30.2
7562,2021-05-12 02:00:00,17.0,2021-05-11 19:00:00,2021/05/11/1900Z,30.0
7563,2021-05-12 03:00:00,17.0,2021-05-11 20:00:00,2021/05/11/2000Z,29.9
7564,2021-05-12 04:00:00,17.0,2021-05-11 21:00:00,2021/05/11/2100Z,29.9
7565,2021-05-12 05:00:00,17.0,2021-05-11 22:00:00,2021/05/11/2200Z,29.9
7566,2021-05-12 06:00:00,17.0,2021-05-11 23:00:00,2021/05/11/2300Z,29.6
7567,2021-05-12 07:00:00,16.0,2021-05-12 00:00:00,2021/05/12/0000Z,30.2
7568,2021-05-12 08:00:00,16.0,2021-05-12 01:00:00,2021/05/12/0100Z,31.1
7569,2021-05-12 09:00:00,16.0,2021-05-12 02:00:00,2021/05/12/0200Z,31.9
7570,2021-05-12 10:00:00,16.0,2021-05-12 03:00:00,2021/05/12/0300Z,32.8
7571,2021-05-12 11:00:00,16.0,2021-05-12 04:00:00,2021/05/12/0400Z,33.5
7572,2021-05-12 12:00:00,16.0,2021-05-12 05:00:00,2021/05/12/0500Z,34.2
7573,2021-05-12 13:00:00,16.0,2021-05-12 06:00:00,2021/05/12/0600Z,34.8
7574,2021-05-12 14:00:00,,2021-05-12 07:00:00,2021/05/12/0700Z,34.8
7575,2021-05-12 15:00:00,16.0,2021-05-12 08:00:00,2021/05/12/0800Z,34.5
7576,2021-05-12 16:00:00,16.0,2021-05-12 09:00:00,2021/05/12/0900Z,33.9
7577,2021-05-12 17:00:00,16.0,2021-05-12 10:00:00,2021/05/12/1000Z,33.3
7578,2021-05-12 18:00:00,16.0,2021-05-12 11:00:00,2021/05/12/1100Z,32.7
7579,2021-05-12 19:00:00,16.0,2021-05-12 12:00:00,2021/05/12/1200Z,31.8
7580,2021-05-12 20:00:00,16.0,2021-05-12 13:00:00,2021/05/12/1300Z,31.2
7581,2021-05-12 21:00:00,16.0,2021-05-12 14:00:00,2021/05/12/1400Z,30.9
7582,2021-05-12 22:00:00,16.0,2021-05-12 15:00:00,2021/05/12/1500Z,30.6
7583,2021-05-12 23:00:00,16.0,2021-05-12 16:00:00,2021/05/12/1600Z,30.5
7584,2021-05-13 00:00:00,16.0,2021-05-12 17:00:00,2021/05/12/1700Z,30.4
7585,2021-05-13 01:00:00,,2021-05-12 18:00:00,2021/05/12/1800Z,30.3
7586,2021-05-13 02:00:00,15.0,2021-05-12 19:00:00,2021/05/12/1900Z,30.2
7587,2021-05-13 03:00:00,15.0,2021-05-12 20:00:00,2021/05/12/2000Z,30.1
7588,2021-05-13 04:00:00,15.0,2021-05-12 21:00:00,2021/05/12/2100Z,30.0
7589,2021-05-13 05:00:00,15.0,2021-05-12 22:00:00,2021/05/12/2200Z,30.0
7590,2021-05-13 06:00:00,,2021-05-12 23:00:00,2021/05/12/2300Z,29.8
7591,2021-05-13 07:00:00,15.0,2021-05-13 00:00:00,2021/05/13/0000Z,30.4
7592,2021-05-13 08:00:00,15.0,2021-05-13 01:00:00,2021/05/13/0100Z,31.3
7593,2021-05-13 09:00:00,15.0,2021-05-13 02:00:00,2021/05/13/0200Z,32.3
7594,2021-05-13 10:00:00,15.0,2021-05-13 03:00:00,2021/05/13/0300Z,33.0
7595,2021-05-13 11:00:00,15.0,2021-05-13 04:00:00,2021/05/13/0400Z,33.7
7596,2021-05-13 12:00:00,15.0,2021-05-13 05:00:00,2021/05/13/0500Z,34.3
7597,2021-05-13 13:00:00,15.0,2021-05-13 06:00:00,2021/05/13/0600Z,34.8
7598,2021-05-13 14:00:00,15.0,2021-05-13 07:00:00,2021/05/13/0700Z,34.9
7599,2021-05-13 15:00:00,15.0,2021-05-13 08:00:00,2021/05/13/0800Z,34.7
7600,2021-05-13 16:00:00,15.0,2021-05-13 09:00:00,2021/05/13/0900Z,34.5
7601,2021-05-13 17:00:00,15.0,2021-05-13 10:00:00,2021/05/13/1000Z,34.1
7602,2021-05-13 18:00:00,15.0,2021-05-13 11:00:00,2021/05/13/1100Z,33.3
7603,2021-05-13 19:00:00,15.0,2021-05-13 12:00:00,2021/05/13/1200Z,32.1
7604,2021-05-13 20:00:00,15.0,2021-05-13 13:00:00,2021/05/13/1300Z,31.5
7605,2021-05-13 21:00:00,15.0,2021-05-13 14:00:00,2021/05/13/1400Z,31.1
7606,2021-05-13 22:00:00,15.0,2021-05-13 15:00:00,2021/05/13/1500Z,30.9
7607,2021-05-13 23:00:00,15.0,2021-05-13 16:00:00,2021/05/13/1600Z,31.0
7608,2021-05-14 00:00:00,15.0,2021-05-13 17:00:00,2021/05/13/1700Z,30.7
7609,2021-05-14 01:00:00,15.0,2021-05-13 18:00:00,2021/05/13/1800Z,30.4
7610,2021-05-14 02:00:00,15.0,2021-05-13 19:00:00,2021/05/13/1900Z,30.3
7611,2021-05-14 03:00:00,15.0,2021-05-13 20:00:00,2021/05/13/2000Z,30.2
7612,2021-05-14 04:00:00,15.0,2021-05-13 21:00:00,2021/05/13/2100Z,30.0
7613,2021-05-14 05:00:00,15.0,2021-05-13 22:00:00,2021/05/13/2200Z,29.8
7614,2021-05-14 06:00:00,15.0,2021-05-13 23:00:00,2021/05/13/2300Z,29.7
7615,2021-05-14 07:00:00,15.0,2021-05-14 00:00:00,2021/05/14/0000Z,30.4
7616,2021-05-14 08:00:00,15.0,2021-05-14 01:00:00,2021/05/14/0100Z,31.5
7617,2021-05-14 09:00:00,15.0,2021-05-14 02:00:00,2021/05/14/0200Z,32.3
7618,2021-05-14 10:00:00,14.0,2021-05-14 03:00:00,2021/05/14/0300Z,33.2
7619,2021-05-14 11:00:00,15.0,2021-05-14 04:00:00,2021/05/14/0400Z,34.0
7620,2021-05-14 12:00:00,15.0,2021-05-14 05:00:00,2021/05/14/0500Z,34.7
7621,2021-05-14 13:00:00,15.0,2021-05-14 06:00:00,2021/05/14/0600Z,35.1
7622,2021-05-14 14:00:00,15.0,2021-05-14 07:00:00,2021/05/14/0700Z,35.3
7623,2021-05-14 15:00:00,15.0,2021-05-14 08:00:00,2021/05/14/0800Z,35.4
7624,2021-05-14 16:00:00,15.0,2021-05-14 09:00:00,2021/05/14/0900Z,35.2
7625,2021-05-14 17:00:00,14.0,2021-05-14 10:00:00,2021/05/14/1000Z,34.5
7626,2021-05-14 18:00:00,15.0,2021-05-14 11:00:00,2021/05/14/1100Z,33.5
7627,2021-05-14 19:00:00,14.0,2021-05-14 12:00:00,2021/05/14/1200Z,32.4
7628,2021-05-14 20:00:00,14.0,2021-05-14 13:00:00,2021/05/14/1300Z,31.5
7629,2021-05-14 21:00:00,14.0,2021-05-14 14:00:00,2021/05/14/1400Z,31.1
7630,2021-05-14 22:00:00,14.0,2021-05-14 15:00:00,2021/05/14/1500Z,30.8
7631,2021-05-14 23:00:00,14.0,2021-05-14 16:00:00,2021/05/14/1600Z,30.7
7632,2021-05-15 00:00:00,14.0,2021-05-14 17:00:00,2021/05/14/1700Z,30.5
7633,2021-05-15 01:00:00,14.0,2021-05-14 18:00:00,2021/05/14/1800Z,30.4
7634,2021-05-15 02:00:00,14.0,2021-05-14 19:00:00,2021/05/14/1900Z,30.4
7635,2021-05-15 03:00:00,14.0,2021-05-14 20:00:00,2021/05/14/2000Z,30.1
7636,2021-05-15 04:00:00,14.0,2021-05-14 21:00:00,2021/05/14/2100Z,29.7
7637,2021-05-15 05:00:00,14.0,2021-05-14 22:00:00,2021/05/14/2200Z,29.8
7638,2021-05-15 06:00:00,15.0,2021-05-14 23:00:00,2021/05/14/2300Z,29.6
7639,2021-05-15 07:00:00,14.0,2021-05-15 00:00:00,2021/05/15/0000Z,30.2
7640,2021-05-15 08:00:00,15.0,2021-05-15 01:00:00,2021/05/15/0100Z,31.2
7641,2021-05-15 09:00:00,14.0,2021-05-15 02:00:00,2021/05/15/0200Z,32.2
7642,2021-05-15 10:00:00,14.0,2021-05-15 03:00:00,2021/05/15/0300Z,33.2
7643,2021-05-15 11:00:00,14.0,2021-05-15 04:00:00,2021/05/15/0400Z,34.0
7644,2021-05-15 12:00:00,,2021-05-15 05:00:00,2021/05/15/0500Z,34.7
7645,2021-05-15 13:00:00,14.0,2021-05-15 06:00:00,2021/05/15/0600Z,35.0
7646,2021-05-15 14:00:00,14.0,2021-05-15 07:00:00,2021/05/15/0700Z,34.5
7647,2021-05-15 15:00:00,14.0,2021-05-15 08:00:00,2021/05/15/0800Z,33.9
7648,2021-05-15 16:00:00,14.0,2021-05-15 09:00:00,2021/05/15/0900Z,33.7
7649,2021-05-15 17:00:00,15.0,2021-05-15 10:00:00,2021/05/15/1000Z,33.4
7650,2021-05-15 18:00:00,15.0,2021-05-15 11:00:00,2021/05/15/1100Z,33.0
7651,2021-05-15 19:00:00,15.0,2021-05-15 12:00:00,2021/05/15/1200Z,32.2
7652,2021-05-15 20:00:00,15.0,2021-05-15 13:00:00,2021/05/15/1300Z,31.3
7653,2021-05-15 21:00:00,15.0,2021-05-15 14:00:00,2021/05/15/1400Z,31.1
7654,2021-05-15 22:00:00,15.0,2021-05-15 15:00:00,2021/05/15/1500Z,30.9
7655,2021-05-15 23:00:00,15.0,2021-05-15 16:00:00,2021/05/15/1600Z,30.6
7656,2021-05-16 00:00:00,,2021-05-15 17:00:00,2021/05/15/1700Z,30.6
7657,2021-05-16 01:00:00,15.0,2021-05-15 18:00:00,2021/05/15/1800Z,30.3
7658,2021-05-16 02:00:00,15.0,2021-05-15 19:00:00,2021/05/15/1900Z,30.1
7659,2021-05-16 03:00:00,15.0,2021-05-15 20:00:00,2021/05/15/2000Z,30.0
7660,2021-05-16 04:00:00,15.0,2021-05-15 21:00:00,2021/05/15/2100Z,29.9
7661,2021-05-16 05:00:00,,2021-05-15 22:00:00,2021/05/15/2200Z,29.8
7662,2021-05-16 06:00:00,15.0,2021-05-15 23:00:00,2021/05/15/2300Z,29.6
7663,2021-05-16 07:00:00,15.0,2021-05-16 00:00:00,2021/05/16/0000Z,30.2
7664,2021-05-16 08:00:00,15.0,2021-05-16 01:00:00,2021/05/16/0100Z,31.1
7665,2021-05-16 09:00:00,15.0,2021-05-16 02:00:00,2021/05/16/0200Z,31.9
7666,2021-05-16 10:00:00,16.0,2021-05-16 03:00:00,2021/05/16/0300Z,33.0
7667,2021-05-16 11:00:00,16.0,2021-05-16 04:00:00,2021/05/16/0400Z,33.7
7668,2021-05-16 12:00:00,16.0,2021-05-16 05:00:00,2021/05/16/0500Z,34.5
7669,2021-05-16 13:00:00,,2021-05-16 06:00:00,2021/05/16/0600Z,34.6
7670,2021-05-16 14:00:00,15.0,2021-05-16 07:00:00,2021/05/16/0700Z,34.2
7671,2021-05-16 15:00:00,15.0,2021-05-16 08:00:00,2021/05/16/0800Z,34.2
7672,2021-05-16 16:00:00,,2021-05-16 09:00:00,2021/05/16/0900Z,34.0
7673,2021-05-16 17:00:00,15.0,2021-05-16 10:00:00,2021/05/16/1000Z,33.3
7674,2021-05-16 18:00:00,,2021-05-16 11:00:00,2021/05/16/1100Z,32.6
7675,2021-05-16 19:00:00,15.0,2021-05-16 12:00:00,2021/05/16/1200Z,31.7
7676,2021-05-16 20:00:00,15.0,2021-05-16 13:00:00,2021/05/16/1300Z,31.3
7677,2021-05-16 21:00:00,15.0,2021-05-16 14:00:00,2021/05/16/1400Z,31.0
7678,2021-05-16 22:00:00,15.0,2021-05-16 15:00:00,2021/05/16/1500Z,30.7
7679,2021-05-16 23:00:00,15.0,2021-05-16 16:00:00,2021/05/16/1600Z,30.6
7680,2021-05-17 00:00:00,15.0,2021-05-16 17:00:00,2021/05/16/1700Z,30.3
7681,2021-05-17 01:00:00,15.0,2021-05-16 18:00:00,2021/05/16/1800Z,30.2
7682,2021-05-17 02:00:00,15.0,2021-05-16 19:00:00,2021/05/16/1900Z,30.0
7683,2021-05-17 03:00:00,15.0,2021-05-16 20:00:00,2021/05/16/2000Z,29.9
7684,2021-05-17 04:00:00,15.0,2021-05-16 21:00:00,2021/05/16/2100Z,29.9
7685,2021-05-17 05:00:00,15.0,2021-05-16 22:00:00,2021/05/16/2200Z,29.7
7686,2021-05-17 06:00:00,,2021-05-16 23:00:00,2021/05/16/2300Z,29.7
7687,2021-05-17 07:00:00,15.0,2021-05-17 00:00:00,2021/05/17/0000Z,30.4
7688,2021-05-17 08:00:00,15.0,2021-05-17 01:00:00,2021/05/17/0100Z,31.3
7689,2021-05-17 09:00:00,,2021-05-17 02:00:00,2021/05/17/0200Z,32.3
7690,2021-05-17 10:00:00,15.0,2021-05-17 03:00:00,2021/05/17/0300Z,33.1
7691,2021-05-17 11:00:00,16.0,2021-05-17 04:00:00,2021/05/17/0400Z,33.9
7692,2021-05-17 12:00:00,,2021-05-17 05:00:00,2021/05/17/0500Z,34.7
7693,2021-05-17 13:00:00,16.0,2021-05-17 06:00:00,2021/05/17/0600Z,35.1
7694,2021-05-17 14:00:00,15.0,2021-05-17 07:00:00,2021/05/17/0700Z,34.7
7695,2021-05-17 15:00:00,15.0,2021-05-17 08:00:00,2021/05/17/0800Z,34.4
7696,2021-05-17 16:00:00,15.0,2021-05-17 09:00:00,2021/05/17/0900Z,34.2
7697,2021-05-17 17:00:00,15.0,2021-05-17 10:00:00,2021/05/17/1000Z,34.2
7698,2021-05-17 18:00:00,15.0,2021-05-17 11:00:00,2021/05/17/1100Z,33.6
7699,2021-05-17 19:00:00,15.0,2021-05-17 12:00:00,2021/05/17/1200Z,32.3
7700,2021-05-17 20:00:00,15.0,2021-05-17 13:00:00,2021/05/17/1300Z,31.9
7701,2021-05-17 21:00:00,15.0,2021-05-17 14:00:00,2021/05/17/1400Z,31.4
7702,2021-05-17 22:00:00,15.0,2021-05-17 15:00:00,2021/05/17/1500Z,31.3
7703,2021-05-17 23:00:00,,2021-05-17 16:00:00,2021/05/17/1600Z,31.1
7704,2021-05-18 00:00:00,15.0,2021-05-17 17:00:00,2021/05/17/1700Z,30.9
7705,2021-05-18 01:00:00,,2021-05-17 18:00:00,2021/05/17/1800Z,30.7
7706,2021-05-18 02:00:00,15.0,2021-05-17 19:00:00,2021/05/17/1900Z,30.4
7707,2021-05-18 03:00:00,15.0,2021-05-17 20:00:00,2021/05/17/2000Z,30.3
7708,2021-05-18 04:00:00,15.0,2021-05-17 21:00:00,2021/05/17/2100Z,30.2
7709,2021-05-18 05:00:00,,2021-05-17 22:00:00,2021/05/17/2200Z,30.1
7710,2021-05-18 06:00:00,15.0,2021-05-17 23:00:00,2021/05/17/2300Z,30.0
7711,2021-05-18 07:00:00,14.0,2021-05-18 00:00:00,2021/05/18/0000Z,30.7
7712,2021-05-18 08:00:00,14.0,2021-05-18 01:00:00,2021/05/18/0100Z,31.7
7713,2021-05-18 09:00:00,14.0,2021-05-18 02:00:00,2021/05/18/0200Z,32.7
7714,2021-05-18 10:00:00,14.0,2021-05-18 03:00:00,2021/05/18/0300Z,33.6
7715,2021-05-18 11:00:00,14.0,2021-05-18 04:00:00,2021/05/18/0400Z,34.3
7716,2021-05-18 12:00:00,14.0,2021-05-18 05:00:00,2021/05/18/0500Z,34.9
7717,2021-05-18 13:00:00,13.0,2021-05-18 06:00:00,2021/05/18/0600Z,35.1
7718,2021-05-18 14:00:00,14.0,2021-05-18 07:00:00,2021/05/18/0700Z,35.3
7719,2021-05-18 15:00:00,14.0,2021-05-18 08:00:00,2021/05/18/0800Z,35.3
7720,2021-05-18 16:00:00,14.0,2021-05-18 09:00:00,2021/05/18/0900Z,35.0
7721,2021-05-18 17:00:00,14.0,2021-05-18 10:00:00,2021/05/18/1000Z,34.1
7722,2021-05-18 18:00:00,14.0,2021-05-18 11:00:00,2021/05/18/1100Z,32.9
7723,2021-05-18 19:00:00,14.0,2021-05-18 12:00:00,2021/05/18/1200Z,32.0
7724,2021-05-18 20:00:00,14.0,2021-05-18 13:00:00,2021/05/18/1300Z,31.5
7725,2021-05-18 21:00:00,14.0,2021-05-18 14:00:00,2021/05/18/1400Z,31.2
7726,2021-05-18 22:00:00,14.0,2021-05-18 15:00:00,2021/05/18/1500Z,31.1
7727,2021-05-18 23:00:00,14.0,2021-05-18 16:00:00,2021/05/18/1600Z,30.9
7728,2021-05-19 00:00:00,14.0,2021-05-18 17:00:00,2021/05/18/1700Z,30.7
7729,2021-05-19 01:00:00,14.0,2021-05-18 18:00:00,2021/05/18/1800Z,30.5
7730,2021-05-19 02:00:00,15.0,2021-05-18 19:00:00,2021/05/18/1900Z,30.2
7731,2021-05-19 03:00:00,15.0,2021-05-18 20:00:00,2021/05/18/2000Z,30.2
7732,2021-05-19 04:00:00,15.0,2021-05-18 21:00:00,2021/05/18/2100Z,29.3
7733,2021-05-19 05:00:00,15.0,2021-05-18 22:00:00,2021/05/18/2200Z,29.2
7734,2021-05-19 06:00:00,15.0,2021-05-18 23:00:00,2021/05/18/2300Z,29.2
7735,2021-05-19 07:00:00,,2021-05-19 00:00:00,2021/05/19/0000Z,29.8
7736,2021-05-19 08:00:00,15.0,2021-05-19 01:00:00,2021/05/19/0100Z,30.9
7737,2021-05-19 09:00:00,15.0,2021-05-19 02:00:00,2021/05/19/0200Z,32.1
7738,2021-05-19 10:00:00,16.0,2021-05-19 03:00:00,2021/05/19/0300Z,33.4
7739,2021-05-19 11:00:00,16.0,2021-05-19 04:00:00,2021/05/19/0400Z,34.5
7740,2021-05-19 12:00:00,16.0,2021-05-19 05:00:00,2021/05/19/0500Z,35.5
7741,2021-05-19 13:00:00,16.0,2021-05-19 06:00:00,2021/05/19/0600Z,35.9
7742,2021-05-19 14:00:00,16.0,2021-05-19 07:00:00,2021/05/19/0700Z,35.7
7743,2021-05-19 15:00:00,16.0,2021-05-19 08:00:00,2021/05/19/0800Z,35.1
7744,2021-05-19 16:00:00,16.0,2021-05-19 09:00:00,2021/05/19/0900Z,34.6
7745,2021-05-19 17:00:00,16.0,2021-05-19 10:00:00,2021/05/19/1000Z,34.4
7746,2021-05-19 18:00:00,,2021-05-19 11:00:00,2021/05/19/1100Z,33.2
7747,2021-05-19 19:00:00,16.0,2021-05-19 12:00:00,2021/05/19/1200Z,30.7
7748,2021-05-19 20:00:00,16.0,2021-05-19 13:00:00,2021/05/19/1300Z,28.2
7749,2021-05-19 21:00:00,16.0,2021-05-19 14:00:00,2021/05/19/1400Z,27.4
7750,2021-05-19 22:00:00,,2021-05-19 15:00:00,2021/05/19/1500Z,26.9
7751,2021-05-19 23:00:00,15.0,2021-05-19 16:00:00,2021/05/19/1600Z,26.5
7752,2021-05-20 00:00:00,15.0,2021-05-19 17:00:00,2021/05/19/1700Z,26.2
7753,2021-05-20 01:00:00,15.0,2021-05-19 18:00:00,2021/05/19/1800Z,26.9
7754,2021-05-20 02:00:00,15.0,2021-05-19 19:00:00,2021/05/19/1900Z,27.5
7755,2021-05-20 03:00:00,15.0,2021-05-19 20:00:00,2021/05/19/2000Z,27.9
7756,2021-05-20 04:00:00,15.0,2021-05-19 21:00:00,2021/05/19/2100Z,28.0
7757,2021-05-20 05:00:00,15.0,2021-05-19 22:00:00,2021/05/19/2200Z,27.9
7758,2021-05-20 06:00:00,15.0,2021-05-19 23:00:00,2021/05/19/2300Z,27.8
7759,2021-05-20 07:00:00,15.0,2021-05-20 00:00:00,2021/05/20/0000Z,28.2
7760,2021-05-20 08:00:00,15.0,2021-05-20 01:00:00,2021/05/20/0100Z,29.2
7761,2021-05-20 09:00:00,15.0,2021-05-20 02:00:00,2021/05/20/0200Z,30.3
7762,2021-05-20 10:00:00,,2021-05-20 03:00:00,2021/05/20/0300Z,31.3
7763,2021-05-20 11:00:00,15.0,2021-05-20 04:00:00,2021/05/20/0400Z,32.2
7764,2021-05-20 12:00:00,,2021-05-20 05:00:00,2021/05/20/0500Z,33.1
7765,2021-05-20 13:00:00,15.0,2021-05-20 06:00:00,2021/05/20/0600Z,33.3
7766,2021-05-20 14:00:00,,2021-05-20 07:00:00,2021/05/20/0700Z,33.7
7767,2021-05-20 15:00:00,15.0,2021-05-20 08:00:00,2021/05/20/0800Z,33.9
7768,2021-05-20 16:00:00,15.0,2021-05-20 09:00:00,2021/05/20/0900Z,33.9
7769,2021-05-20 17:00:00,14.0,2021-05-20 10:00:00,2021/05/20/1000Z,33.7
7770,2021-05-20 18:00:00,14.0,2021-05-20 11:00:00,2021/05/20/1100Z,32.9
7771,2021-05-20 19:00:00,14.0,2021-05-20 12:00:00,2021/05/20/1200Z,31.6
7772,2021-05-20 20:00:00,14.0,2021-05-20 13:00:00,2021/05/20/1300Z,30.7
7773,2021-05-20 21:00:00,15.0,2021-05-20 14:00:00,2021/05/20/1400Z,30.5
7774,2021-05-20 22:00:00,15.0,2021-05-20 15:00:00,2021/05/20/1500Z,30.5
7775,2021-05-20 23:00:00,15.0,2021-05-20 16:00:00,2021/05/20/1600Z,30.5
7776,2021-05-21 00:00:00,15.0,2021-05-20 17:00:00,2021/05/20/1700Z,30.3
7777,2021-05-21 01:00:00,14.0,2021-05-20 18:00:00,2021/05/20/1800Z,30.1
7778,2021-05-21 02:00:00,14.0,2021-05-20 19:00:00,2021/05/20/1900Z,29.7
7779,2021-05-21 03:00:00,14.0,2021-05-20 20:00:00,2021/05/20/2000Z,29.3
7780,2021-05-21 04:00:00,,2021-05-20 21:00:00,2021/05/20/2100Z,29.0
7781,2021-05-21 05:00:00,14.0,2021-05-20 22:00:00,2021/05/20/2200Z,28.8
7782,2021-05-21 06:00:00,14.0,2021-05-20 23:00:00,2021/05/20/2300Z,28.6
7783,2021-05-21 07:00:00,14.0,2021-05-21 00:00:00,2021/05/21/0000Z,29.0
7784,2021-05-21 08:00:00,14.0,2021-05-21 01:00:00,2021/05/21/0100Z,29.9
7785,2021-05-21 09:00:00,14.0,2021-05-21 02:00:00,2021/05/21/0200Z,31.0
7786,2021-05-21 10:00:00,,2021-05-21 03:00:00,2021/05/21/0300Z,32.0
7787,2021-05-21 11:00:00,,2021-05-21 04:00:00,2021/05/21/0400Z,32.9
7788,2021-05-21 12:00:00,,2021-05-21 05:00:00,2021/05/21/0500Z,33.3
7789,2021-05-21 13:00:00,,2021-05-21 06:00:00,2021/05/21/0600Z,33.6
7790,2021-05-21 14:00:00,,2021-05-21 07:00:00,2021/05/21/0700Z,34.1
7791,2021-05-21 15:00:00,,2021-05-21 08:00:00,2021/05/21/0800Z,34.3
7792,2021-05-21 16:00:00,,2021-05-21 09:00:00,2021/05/21/0900Z,34.5
7793,2021-05-21 17:00:00,,2021-05-21 10:00:00,2021/05/21/1000Z,34.1
7794,2021-05-21 18:00:00,,2021-05-21 11:00:00,2021/05/21/1100Z,31.6
7795,2021-05-21 19:00:00,,2021-05-21 12:00:00,2021/05/21/1200Z,30.8
7796,2021-05-21 20:00:00,,2021-05-21 13:00:00,2021/05/21/1300Z,30.7
7797,2021-05-21 21:00:00,,2021-05-21 14:00:00,2021/05/21/1400Z,30.0
7798,2021-05-21 22:00:00,,2021-05-21 15:00:00,2021/05/21/1500Z,28.6
7799,2021-05-21 23:00:00,,2021-05-21 16:00:00,2021/05/21/1600Z,28.8
7800,2021-05-22 00:00:00,,2021-05-21 17:00:00,2021/05/21/1700Z,28.8
7801,2021-05-22 01:00:00,,2021-05-21 18:00:00,2021/05/21/1800Z,29.0
7802,2021-05-22 02:00:00,,2021-05-21 19:00:00,2021/05/21/1900Z,28.7
7803,2021-05-22 03:00:00,,2021-05-21 20:00:00,2021/05/21/2000Z,28.4
7804,2021-05-22 04:00:00,,2021-05-21 21:00:00,2021/05/21/2100Z,28.1
7805,2021-05-22 05:00:00,,2021-05-21 22:00:00,2021/05/21/2200Z,28.0
7806,2021-05-22 06:00:00,13.0,2021-05-21 23:00:00,2021/05/21/2300Z,27.9
7807,2021-05-22 07:00:00,,2021-05-22 00:00:00,2021/05/22/0000Z,28.3
7808,2021-05-22 08:00:00,13.0,2021-05-22 01:00:00,2021/05/22/0100Z,29.3
7809,2021-05-22 09:00:00,13.0,2021-05-22 02:00:00,2021/05/22/0200Z,30.2
7810,2021-05-22 10:00:00,13.0,2021-05-22 03:00:00,2021/05/22/0300Z,31.3
7811,2021-05-22 11:00:00,13.0,2021-05-22 04:00:00,2021/05/22/0400Z,32.2
7812,2021-05-22 12:00:00,13.0,2021-05-22 05:00:00,2021/05/22/0500Z,32.7
7813,2021-05-22 13:00:00,14.0,2021-05-22 06:00:00,2021/05/22/0600Z,33.6
7814,2021-05-22 14:00:00,14.0,2021-05-22 07:00:00,2021/05/22/0700Z,34.3
7815,2021-05-22 15:00:00,14.0,2021-05-22 08:00:00,2021/05/22/0800Z,34.4
7816,2021-05-22 16:00:00,14.0,2021-05-22 09:00:00,2021/05/22/0900Z,33.6
7817,2021-05-22 17:00:00,13.0,2021-05-22 10:00:00,2021/05/22/1000Z,33.1
7818,2021-05-22 18:00:00,14.0,2021-05-22 11:00:00,2021/05/22/1100Z,32.8
7819,2021-05-22 19:00:00,14.0,2021-05-22 12:00:00,2021/05/22/1200Z,32.4
7820,2021-05-22 20:00:00,14.0,2021-05-22 13:00:00,2021/05/22/1300Z,31.6
7821,2021-05-22 21:00:00,14.0,2021-05-22 14:00:00,2021/05/22/1400Z,30.9
7822,2021-05-22 22:00:00,14.0,2021-05-22 15:00:00,2021/05/22/1500Z,30.3
7823,2021-05-22 23:00:00,14.0,2021-05-22 16:00:00,2021/05/22/1600Z,29.7
7824,2021-05-23 00:00:00,14.0,2021-05-22 17:00:00,2021/05/22/1700Z,29.3
7825,2021-05-23 01:00:00,,2021-05-22 18:00:00,2021/05/22/1800Z,29.2
7826,2021-05-23 02:00:00,14.0,2021-05-22 19:00:00,2021/05/22/1900Z,29.0
7827,2021-05-23 03:00:00,14.0,2021-05-22 20:00:00,2021/05/22/2000Z,28.8
7828,2021-05-23 04:00:00,14.0,2021-05-22 21:00:00,2021/05/22/2100Z,28.7
7829,2021-05-23 05:00:00,14.0,2021-05-22 22:00:00,2021/05/22/2200Z,28.5
7830,2021-05-23 06:00:00,14.0,2021-05-22 23:00:00,2021/05/22/2300Z,28.5
7831,2021-05-23 07:00:00,14.0,2021-05-23 00:00:00,2021/05/23/0000Z,28.9
7832,2021-05-23 08:00:00,14.0,2021-05-23 01:00:00,2021/05/23/0100Z,30.1
7833,2021-05-23 09:00:00,14.0,2021-05-23 02:00:00,2021/05/23/0200Z,31.0
7834,2021-05-23 10:00:00,14.0,2021-05-23 03:00:00,2021/05/23/0300Z,32.0
7835,2021-05-23 11:00:00,14.0,2021-05-23 04:00:00,2021/05/23/0400Z,33.3
7836,2021-05-23 12:00:00,14.0,2021-05-23 05:00:00,2021/05/23/0500Z,34.1
7837,2021-05-23 13:00:00,14.0,2021-05-23 06:00:00,2021/05/23/0600Z,34.7
7838,2021-05-23 14:00:00,13.0,2021-05-23 07:00:00,2021/05/23/0700Z,34.4
7839,2021-05-23 15:00:00,14.0,2021-05-23 08:00:00,2021/05/23/0800Z,33.5
7840,2021-05-23 16:00:00,13.0,2021-05-23 09:00:00,2021/05/23/0900Z,32.7
7841,2021-05-23 17:00:00,13.0,2021-05-23 10:00:00,2021/05/23/1000Z,32.7
7842,2021-05-23 18:00:00,13.0,2021-05-23 11:00:00,2021/05/23/1100Z,32.3
7843,2021-05-23 19:00:00,,2021-05-23 12:00:00,2021/05/23/1200Z,32.3
7844,2021-05-23 20:00:00,13.0,2021-05-23 13:00:00,2021/05/23/1300Z,32.2
7845,2021-05-23 21:00:00,13.0,2021-05-23 14:00:00,2021/05/23/1400Z,31.6
7846,2021-05-23 22:00:00,13.0,2021-05-23 15:00:00,2021/05/23/1500Z,31.1
7847,2021-05-23 23:00:00,13.0,2021-05-23 16:00:00,2021/05/23/1600Z,30.6
7848,2021-05-24 00:00:00,13.0,2021-05-23 17:00:00,2021/05/23/1700Z,30.1
7849,2021-05-24 01:00:00,13.0,2021-05-23 18:00:00,2021/05/23/1800Z,29.8
7850,2021-05-24 02:00:00,13.0,2021-05-23 19:00:00,2021/05/23/1900Z,29.4
7851,2021-05-24 03:00:00,13.0,2021-05-23 20:00:00,2021/05/23/2000Z,29.1
7852,2021-05-24 04:00:00,13.0,2021-05-23 21:00:00,2021/05/23/2100Z,28.6
7853,2021-05-24 05:00:00,13.0,2021-05-23 22:00:00,2021/05/23/2200Z,28.2
7854,2021-05-24 06:00:00,13.0,2021-05-23 23:00:00,2021/05/23/2300Z,28.0
7855,2021-05-24 07:00:00,13.0,2021-05-24 00:00:00,2021/05/24/0000Z,28.4
7856,2021-05-24 08:00:00,13.0,2021-05-24 01:00:00,2021/05/24/0100Z,29.5
7857,2021-05-24 09:00:00,13.0,2021-05-24 02:00:00,2021/05/24/0200Z,30.3
7858,2021-05-24 10:00:00,13.0,2021-05-24 03:00:00,2021/05/24/0300Z,30.5
7859,2021-05-24 11:00:00,13.0,2021-05-24 04:00:00,2021/05/24/0400Z,32.3
7860,2021-05-24 12:00:00,13.0,2021-05-24 05:00:00,2021/05/24/0500Z,33.4
7861,2021-05-24 13:00:00,13.0,2021-05-24 06:00:00,2021/05/24/0600Z,33.1
7862,2021-05-24 14:00:00,,2021-05-24 07:00:00,2021/05/24/0700Z,33.0
7863,2021-05-24 15:00:00,13.0,2021-05-24 08:00:00,2021/05/24/0800Z,33.4
7864,2021-05-24 16:00:00,,2021-05-24 09:00:00,2021/05/24/0900Z,33.9
7865,2021-05-24 17:00:00,13.0,2021-05-24 10:00:00,2021/05/24/1000Z,33.4
7866,2021-05-24 18:00:00,,2021-05-24 11:00:00,2021/05/24/1100Z,32.6
7867,2021-05-24 19:00:00,14.0,2021-05-24 12:00:00,2021/05/24/1200Z,31.8
7868,2021-05-24 20:00:00,,2021-05-24 13:00:00,2021/05/24/1300Z,31.3
7869,2021-05-24 21:00:00,14.0,2021-05-24 14:00:00,2021/05/24/1400Z,31.1
7870,2021-05-24 22:00:00,14.0,2021-05-24 15:00:00,2021/05/24/1500Z,30.7
7871,2021-05-24 23:00:00,14.0,2021-05-24 16:00:00,2021/05/24/1600Z,30.2
7872,2021-05-25 00:00:00,14.0,2021-05-24 17:00:00,2021/05/24/1700Z,29.9
7873,2021-05-25 01:00:00,14.0,2021-05-24 18:00:00,2021/05/24/1800Z,29.8
7874,2021-05-25 02:00:00,14.0,2021-05-24 19:00:00,2021/05/24/1900Z,29.5
7875,2021-05-25 03:00:00,14.0,2021-05-24 20:00:00,2021/05/24/2000Z,29.2
7876,2021-05-25 04:00:00,14.0,2021-05-24 21:00:00,2021/05/24/2100Z,29.1
7877,2021-05-25 05:00:00,15.0,2021-05-24 22:00:00,2021/05/24/2200Z,28.9
7878,2021-05-25 06:00:00,15.0,2021-05-24 23:00:00,2021/05/24/2300Z,28.9
7879,2021-05-25 07:00:00,15.0,2021-05-25 00:00:00,2021/05/25/0000Z,29.5
7880,2021-05-25 08:00:00,15.0,2021-05-25 01:00:00,2021/05/25/0100Z,30.2
7881,2021-05-25 09:00:00,15.0,2021-05-25 02:00:00,2021/05/25/0200Z,30.6
7882,2021-05-25 10:00:00,15.0,2021-05-25 03:00:00,2021/05/25/0300Z,30.8
7883,2021-05-25 11:00:00,,2021-05-25 04:00:00,2021/05/25/0400Z,30.9
7884,2021-05-25 12:00:00,15.0,2021-05-25 05:00:00,2021/05/25/0500Z,30.9
7885,2021-05-25 13:00:00,15.0,2021-05-25 06:00:00,2021/05/25/0600Z,30.9
7886,2021-05-25 14:00:00,15.0,2021-05-25 07:00:00,2021/05/25/0700Z,31.1
7887,2021-05-25 15:00:00,15.0,2021-05-25 08:00:00,2021/05/25/0800Z,30.9
7888,2021-05-25 16:00:00,15.0,2021-05-25 09:00:00,2021/05/25/0900Z,30.6
7889,2021-05-25 17:00:00,15.0,2021-05-25 10:00:00,2021/05/25/1000Z,30.4
7890,2021-05-25 18:00:00,15.0,2021-05-25 11:00:00,2021/05/25/1100Z,30.0
7891,2021-05-25 19:00:00,15.0,2021-05-25 12:00:00,2021/05/25/1200Z,29.4
7892,2021-05-25 20:00:00,15.0,2021-05-25 13:00:00,2021/05/25/1300Z,28.5
7893,2021-05-25 21:00:00,15.0,2021-05-25 14:00:00,2021/05/25/1400Z,27.9
7894,2021-05-25 22:00:00,15.0,2021-05-25 15:00:00,2021/05/25/1500Z,27.4
7895,2021-05-25 23:00:00,15.0,2021-05-25 16:00:00,2021/05/25/1600Z,27.1
7896,2021-05-26 00:00:00,15.0,2021-05-25 17:00:00,2021/05/25/1700Z,27.1
7897,2021-05-26 01:00:00,15.0,2021-05-25 18:00:00,2021/05/25/1800Z,27.6
7898,2021-05-26 02:00:00,15.0,2021-05-25 19:00:00,2021/05/25/1900Z,27.5
7899,2021-05-26 03:00:00,14.0,2021-05-25 20:00:00,2021/05/25/2000Z,27.5
7900,2021-05-26 04:00:00,14.0,2021-05-25 21:00:00,2021/05/25/2100Z,27.3
7901,2021-05-26 05:00:00,14.0,2021-05-25 22:00:00,2021/05/25/2200Z,27.3
7902,2021-05-26 06:00:00,14.0,2021-05-25 23:00:00,2021/05/25/2300Z,27.2
7903,2021-05-26 07:00:00,14.0,2021-05-26 00:00:00,2021/05/26/0000Z,27.4
7904,2021-05-26 08:00:00,14.0,2021-05-26 01:00:00,2021/05/26/0100Z,27.9
7905,2021-05-26 09:00:00,,2021-05-26 02:00:00,2021/05/26/0200Z,28.7
7906,2021-05-26 10:00:00,14.0,2021-05-26 03:00:00,2021/05/26/0300Z,29.9
7907,2021-05-26 11:00:00,,2021-05-26 04:00:00,2021/05/26/0400Z,30.8
7908,2021-05-26 12:00:00,14.0,2021-05-26 05:00:00,2021/05/26/0500Z,31.0
7909,2021-05-26 13:00:00,14.0,2021-05-26 06:00:00,2021/05/26/0600Z,31.9
7910,2021-05-26 14:00:00,14.0,2021-05-26 07:00:00,2021/05/26/0700Z,31.8
7911,2021-05-26 15:00:00,14.0,2021-05-26 08:00:00,2021/05/26/0800Z,31.0
7912,2021-05-26 16:00:00,14.0,2021-05-26 09:00:00,2021/05/26/0900Z,31.1
7913,2021-05-26 17:00:00,,2021-05-26 10:00:00,2021/05/26/1000Z,31.0
7914,2021-05-26 18:00:00,15.0,2021-05-26 11:00:00,2021/05/26/1100Z,30.2
7915,2021-05-26 19:00:00,15.0,2021-05-26 12:00:00,2021/05/26/1200Z,29.7
7916,2021-05-26 20:00:00,,2021-05-26 13:00:00,2021/05/26/1300Z,29.3
7917,2021-05-26 21:00:00,15.0,2021-05-26 14:00:00,2021/05/26/1400Z,29.5
7918,2021-05-26 22:00:00,15.0,2021-05-26 15:00:00,2021/05/26/1500Z,29.6
7919,2021-05-26 23:00:00,15.0,2021-05-26 16:00:00,2021/05/26/1600Z,29.3
7920,2021-05-27 00:00:00,15.0,2021-05-26 17:00:00,2021/05/26/1700Z,28.9
7921,2021-05-27 01:00:00,15.0,2021-05-26 18:00:00,2021/05/26/1800Z,28.7
7922,2021-05-27 02:00:00,15.0,2021-05-26 19:00:00,2021/05/26/1900Z,28.5
7923,2021-05-27 03:00:00,15.0,2021-05-26 20:00:00,2021/05/26/2000Z,28.5
7924,2021-05-27 04:00:00,,2021-05-26 21:00:00,2021/05/26/2100Z,28.4
7925,2021-05-27 05:00:00,16.0,2021-05-26 22:00:00,2021/05/26/2200Z,28.1
7926,2021-05-27 06:00:00,16.0,2021-05-26 23:00:00,2021/05/26/2300Z,28.0
7927,2021-05-27 07:00:00,,2021-05-27 00:00:00,2021/05/27/0000Z,28.4
7928,2021-05-27 08:00:00,16.0,2021-05-27 01:00:00,2021/05/27/0100Z,29.0
7929,2021-05-27 09:00:00,16.0,2021-05-27 02:00:00,2021/05/27/0200Z,30.0
7930,2021-05-27 10:00:00,,2021-05-27 03:00:00,2021/05/27/0300Z,31.0
7931,2021-05-27 11:00:00,,2021-05-27 04:00:00,2021/05/27/0400Z,31.9
7932,2021-05-27 12:00:00,17.0,2021-05-27 05:00:00,2021/05/27/0500Z,32.2
7933,2021-05-27 13:00:00,17.0,2021-05-27 06:00:00,2021/05/27/0600Z,32.0
7934,2021-05-27 14:00:00,17.0,2021-05-27 07:00:00,2021/05/27/0700Z,32.2
7935,2021-05-27 15:00:00,17.0,2021-05-27 08:00:00,2021/05/27/0800Z,32.9
7936,2021-05-27 16:00:00,17.0,2021-05-27 09:00:00,2021/05/27/0900Z,32.8
7937,2021-05-27 17:00:00,17.0,2021-05-27 10:00:00,2021/05/27/1000Z,32.6
7938,2021-05-27 18:00:00,17.0,2021-05-27 11:00:00,2021/05/27/1100Z,31.8
7939,2021-05-27 19:00:00,17.0,2021-05-27 12:00:00,2021/05/27/1200Z,30.0
7940,2021-05-27 20:00:00,17.0,2021-05-27 13:00:00,2021/05/27/1300Z,28.7
7941,2021-05-27 21:00:00,17.0,2021-05-27 14:00:00,2021/05/27/1400Z,28.0
7942,2021-05-27 22:00:00,17.0,2021-05-27 15:00:00,2021/05/27/1500Z,27.1
7943,2021-05-27 23:00:00,17.0,2021-05-27 16:00:00,2021/05/27/1600Z,26.7
7944,2021-05-28 00:00:00,17.0,2021-05-27 17:00:00,2021/05/27/1700Z,26.4
7945,2021-05-28 01:00:00,17.0,2021-05-27 18:00:00,2021/05/27/1800Z,26.5
7946,2021-05-28 02:00:00,17.0,2021-05-27 19:00:00,2021/05/27/1900Z,26.6
7947,2021-05-28 03:00:00,17.0,2021-05-27 20:00:00,2021/05/27/2000Z,26.8
7948,2021-05-28 04:00:00,16.0,2021-05-27 21:00:00,2021/05/27/2100Z,27.0
7949,2021-05-28 05:00:00,17.0,2021-05-27 22:00:00,2021/05/27/2200Z,27.1
7950,2021-05-28 06:00:00,16.0,2021-05-27 23:00:00,2021/05/27/2300Z,27.0
7951,2021-05-28 07:00:00,16.0,2021-05-28 00:00:00,2021/05/28/0000Z,27.3
7952,2021-05-28 08:00:00,16.0,2021-05-28 01:00:00,2021/05/28/0100Z,27.9
7953,2021-05-28 09:00:00,17.0,2021-05-28 02:00:00,2021/05/28/0200Z,28.7
7954,2021-05-28 10:00:00,17.0,2021-05-28 03:00:00,2021/05/28/0300Z,29.7
7955,2021-05-28 11:00:00,,2021-05-28 04:00:00,2021/05/28/0400Z,30.4
7956,2021-05-28 12:00:00,17.0,2021-05-28 05:00:00,2021/05/28/0500Z,30.7
7957,2021-05-28 13:00:00,16.0,2021-05-28 06:00:00,2021/05/28/0600Z,31.3
7958,2021-05-28 14:00:00,16.0,2021-05-28 07:00:00,2021/05/28/0700Z,31.7
7959,2021-05-28 15:00:00,16.0,2021-05-28 08:00:00,2021/05/28/0800Z,31.4
7960,2021-05-28 16:00:00,16.0,2021-05-28 09:00:00,2021/05/28/0900Z,31.1
7961,2021-05-28 17:00:00,15.0,2021-05-28 10:00:00,2021/05/28/1000Z,31.0
7962,2021-05-28 18:00:00,15.0,2021-05-28 11:00:00,2021/05/28/1100Z,30.5
7963,2021-05-28 19:00:00,15.0,2021-05-28 12:00:00,2021/05/28/1200Z,29.5
7964,2021-05-28 20:00:00,15.0,2021-05-28 13:00:00,2021/05/28/1300Z,29.4
7965,2021-05-28 21:00:00,15.0,2021-05-28 14:00:00,2021/05/28/1400Z,29.3
7966,2021-05-28 22:00:00,15.0,2021-05-28 15:00:00,2021/05/28/1500Z,29.0
7967,2021-05-28 23:00:00,15.0,2021-05-28 16:00:00,2021/05/28/1600Z,28.6
7968,2021-05-29 00:00:00,15.0,2021-05-28 17:00:00,2021/05/28/1700Z,28.3
7969,2021-05-29 01:00:00,15.0,2021-05-28 18:00:00,2021/05/28/1800Z,27.8
7970,2021-05-29 02:00:00,15.0,2021-05-28 19:00:00,2021/05/28/1900Z,27.7
7971,2021-05-29 03:00:00,15.0,2021-05-28 20:00:00,2021/05/28/2000Z,27.9
7972,2021-05-29 04:00:00,15.0,2021-05-28 21:00:00,2021/05/28/2100Z,27.8
7973,2021-05-29 05:00:00,15.0,2021-05-28 22:00:00,2021/05/28/2200Z,27.6
7974,2021-05-29 06:00:00,15.0,2021-05-28 23:00:00,2021/05/28/2300Z,27.5
7975,2021-05-29 07:00:00,15.0,2021-05-29 00:00:00,2021/05/29/0000Z,28.0
7976,2021-05-29 08:00:00,14.0,2021-05-29 01:00:00,2021/05/29/0100Z,29.0
7977,2021-05-29 09:00:00,14.0,2021-05-29 02:00:00,2021/05/29/0200Z,29.9
7978,2021-05-29 10:00:00,14.0,2021-05-29 03:00:00,2021/05/29/0300Z,31.0
7979,2021-05-29 11:00:00,14.0,2021-05-29 04:00:00,2021/05/29/0400Z,31.9
7980,2021-05-29 12:00:00,14.0,2021-05-29 05:00:00,2021/05/29/0500Z,32.6
7981,2021-05-29 13:00:00,14.0,2021-05-29 06:00:00,2021/05/29/0600Z,32.6
7982,2021-05-29 14:00:00,14.0,2021-05-29 07:00:00,2021/05/29/0700Z,32.4
7983,2021-05-29 15:00:00,14.0,2021-05-29 08:00:00,2021/05/29/0800Z,32.7
7984,2021-05-29 16:00:00,,2021-05-29 09:00:00,2021/05/29/0900Z,32.5
7985,2021-05-29 17:00:00,14.0,2021-05-29 10:00:00,2021/05/29/1000Z,32.5
7986,2021-05-29 18:00:00,,2021-05-29 11:00:00,2021/05/29/1100Z,30.5
7987,2021-05-29 19:00:00,14.0,2021-05-29 12:00:00,2021/05/29/1200Z,29.9
7988,2021-05-29 20:00:00,14.0,2021-05-29 13:00:00,2021/05/29/1300Z,29.6
7989,2021-05-29 21:00:00,14.0,2021-05-29 14:00:00,2021/05/29/1400Z,29.4
7990,2021-05-29 22:00:00,14.0,2021-05-29 15:00:00,2021/05/29/1500Z,29.6
7991,2021-05-29 23:00:00,14.0,2021-05-29 16:00:00,2021/05/29/1600Z,29.5
7992,2021-05-30 00:00:00,14.0,2021-05-29 17:00:00,2021/05/29/1700Z,29.3
7993,2021-05-30 01:00:00,14.0,2021-05-29 18:00:00,2021/05/29/1800Z,28.9
7994,2021-05-30 02:00:00,14.0,2021-05-29 19:00:00,2021/05/29/1900Z,28.6
7995,2021-05-30 03:00:00,14.0,2021-05-29 20:00:00,2021/05/29/2000Z,28.2
7996,2021-05-30 04:00:00,14.0,2021-05-29 21:00:00,2021/05/29/2100Z,28.2
7997,2021-05-30 05:00:00,14.0,2021-05-29 22:00:00,2021/05/29/2200Z,28.2
7998,2021-05-30 06:00:00,13.0,2021-05-29 23:00:00,2021/05/29/2300Z,28.0
7999,2021-05-30 07:00:00,13.0,2021-05-30 00:00:00,2021/05/30/0000Z,28.7
