,date,PM2.5,date_utc,url_date,temp,wind
6000,2021-03-08 00:00:00,117.0,2021-03-07 17:00:00,2021/03/07/1700Z,19.2,270° @ 32
6001,2021-03-08 01:00:00,118.0,2021-03-07 18:00:00,2021/03/07/1800Z,18.8,270° @ 28
6002,2021-03-08 02:00:00,,2021-03-07 19:00:00,2021/03/07/1900Z,18.3,270° @ 27
6003,2021-03-08 03:00:00,116.0,2021-03-07 20:00:00,2021/03/07/2000Z,17.7,270° @ 24
6004,2021-03-08 04:00:00,115.0,2021-03-07 21:00:00,2021/03/07/2100Z,17.2,270° @ 23
6005,2021-03-08 05:00:00,,2021-03-07 22:00:00,2021/03/07/2200Z,16.7,270° @ 23
6006,2021-03-08 06:00:00,114.0,2021-03-07 23:00:00,2021/03/07/2300Z,16.2,270° @ 21
6007,2021-03-08 07:00:00,114.0,2021-03-08 00:00:00,2021/03/08/0000Z,16.9,270° @ 21
6008,2021-03-08 08:00:00,,2021-03-08 01:00:00,2021/03/08/0100Z,20.8,275° @ 17
6009,2021-03-08 09:00:00,114.0,2021-03-08 02:00:00,2021/03/08/0200Z,26.0,265° @ 15
6010,2021-03-08 10:00:00,,2021-03-08 03:00:00,2021/03/08/0300Z,30.2,265° @ 14
6011,2021-03-08 11:00:00,114.0,2021-03-08 04:00:00,2021/03/08/0400Z,33.1,260° @ 14
6012,2021-03-08 12:00:00,114.0,2021-03-08 05:00:00,2021/03/08/0500Z,35.2,235° @ 12
6013,2021-03-08 13:00:00,,2021-03-08 06:00:00,2021/03/08/0600Z,36.5,240° @ 11
6014,2021-03-08 14:00:00,110.0,2021-03-08 07:00:00,2021/03/08/0700Z,36.7,230° @ 10
6015,2021-03-08 15:00:00,109.0,2021-03-08 08:00:00,2021/03/08/0800Z,37.3,220° @ 12
6016,2021-03-08 16:00:00,,2021-03-08 09:00:00,2021/03/08/0900Z,36.6,235° @ 18
6017,2021-03-08 17:00:00,107.0,2021-03-08 10:00:00,2021/03/08/1000Z,35.5,245° @ 24
6018,2021-03-08 18:00:00,108.0,2021-03-08 11:00:00,2021/03/08/1100Z,31.7,255° @ 25
6019,2021-03-08 19:00:00,108.0,2021-03-08 12:00:00,2021/03/08/1200Z,26.2,260° @ 23
6020,2021-03-08 20:00:00,108.0,2021-03-08 13:00:00,2021/03/08/1300Z,24.6,265° @ 21
6021,2021-03-08 21:00:00,108.0,2021-03-08 14:00:00,2021/03/08/1400Z,23.2,260° @ 25
6022,2021-03-08 22:00:00,108.0,2021-03-08 15:00:00,2021/03/08/1500Z,22.3,270° @ 38
6023,2021-03-08 23:00:00,108.0,2021-03-08 16:00:00,2021/03/08/1600Z,21.3,270° @ 33
6024,2021-03-09 00:00:00,109.0,2021-03-08 17:00:00,2021/03/08/1700Z,19.9,275° @ 29
6025,2021-03-09 01:00:00,109.0,2021-03-08 18:00:00,2021/03/08/1800Z,19.2,270° @ 25
6026,2021-03-09 02:00:00,,2021-03-08 19:00:00,2021/03/08/1900Z,18.6,260° @ 24
6027,2021-03-09 03:00:00,111.0,2021-03-08 20:00:00,2021/03/08/2000Z,18.0,245° @ 19
6028,2021-03-09 04:00:00,111.0,2021-03-08 21:00:00,2021/03/08/2100Z,17.4,225° @ 14
6029,2021-03-09 05:00:00,111.0,2021-03-08 22:00:00,2021/03/08/2200Z,16.9,225° @ 13
6030,2021-03-09 06:00:00,,2021-03-08 23:00:00,2021/03/08/2300Z,16.5,225° @ 13
6031,2021-03-09 07:00:00,113.0,2021-03-09 00:00:00,2021/03/09/0000Z,17.3,255° @ 10
6032,2021-03-09 08:00:00,113.0,2021-03-09 01:00:00,2021/03/09/0100Z,21.3,240° @ 9
6033,2021-03-09 09:00:00,115.0,2021-03-09 02:00:00,2021/03/09/0200Z,26.3,230° @ 10
6034,2021-03-09 10:00:00,117.0,2021-03-09 03:00:00,2021/03/09/0300Z,30.7,225° @ 10
6035,2021-03-09 11:00:00,115.0,2021-03-09 04:00:00,2021/03/09/0400Z,33.4,225° @ 10
6036,2021-03-09 12:00:00,,2021-03-09 05:00:00,2021/03/09/0500Z,35.1,215° @ 6
6037,2021-03-09 13:00:00,113.0,2021-03-09 06:00:00,2021/03/09/0600Z,36.7,230° @ 3
6038,2021-03-09 14:00:00,112.0,2021-03-09 07:00:00,2021/03/09/0700Z,37.0,175° @ 2
6039,2021-03-09 15:00:00,,2021-03-09 08:00:00,2021/03/09/0800Z,36.5,155° @ 5
6040,2021-03-09 16:00:00,110.0,2021-03-09 09:00:00,2021/03/09/0900Z,36.1,160° @ 7
6041,2021-03-09 17:00:00,,2021-03-09 10:00:00,2021/03/09/1000Z,35.1,155° @ 9
6042,2021-03-09 18:00:00,108.0,2021-03-09 11:00:00,2021/03/09/1100Z,31.6,145° @ 9
6043,2021-03-09 19:00:00,107.0,2021-03-09 12:00:00,2021/03/09/1200Z,26.3,190° @ 7
6044,2021-03-09 20:00:00,107.0,2021-03-09 13:00:00,2021/03/09/1300Z,24.4,205° @ 11
6045,2021-03-09 21:00:00,106.0,2021-03-09 14:00:00,2021/03/09/1400Z,23.3,215° @ 16
6046,2021-03-09 22:00:00,,2021-03-09 15:00:00,2021/03/09/1500Z,22.0,225° @ 19
6047,2021-03-09 23:00:00,105.0,2021-03-09 16:00:00,2021/03/09/1600Z,20.7,235° @ 21
6048,2021-03-10 00:00:00,,2021-03-09 17:00:00,2021/03/09/1700Z,19.8,215° @ 20
6049,2021-03-10 01:00:00,103.0,2021-03-09 18:00:00,2021/03/09/1800Z,19.4,210° @ 23
6050,2021-03-10 02:00:00,102.0,2021-03-09 19:00:00,2021/03/09/1900Z,18.8,220° @ 20
6051,2021-03-10 03:00:00,103.0,2021-03-09 20:00:00,2021/03/09/2000Z,18.1,220° @ 17
6052,2021-03-10 04:00:00,103.0,2021-03-09 21:00:00,2021/03/09/2100Z,17.7,210° @ 15
6053,2021-03-10 05:00:00,,2021-03-09 22:00:00,2021/03/09/2200Z,17.1,215° @ 12
6054,2021-03-10 06:00:00,102.0,2021-03-09 23:00:00,2021/03/09/2300Z,16.7,220° @ 10
6055,2021-03-10 07:00:00,102.0,2021-03-10 00:00:00,2021/03/10/0000Z,17.5,200° @ 9
6056,2021-03-10 08:00:00,,2021-03-10 01:00:00,2021/03/10/0100Z,21.4,195° @ 9
6057,2021-03-10 09:00:00,102.0,2021-03-10 02:00:00,2021/03/10/0200Z,26.6,195° @ 10
6058,2021-03-10 10:00:00,100.0,2021-03-10 03:00:00,2021/03/10/0300Z,31.4,200° @ 11
6059,2021-03-10 11:00:00,98.0,2021-03-10 04:00:00,2021/03/10/0400Z,34.3,205° @ 8
6060,2021-03-10 12:00:00,95.0,2021-03-10 05:00:00,2021/03/10/0500Z,35.9,185° @ 5
6061,2021-03-10 13:00:00,,2021-03-10 06:00:00,2021/03/10/0600Z,36.8,210° @ 6
6062,2021-03-10 14:00:00,94.0,2021-03-10 07:00:00,2021/03/10/0700Z,36.9,185° @ 5
6063,2021-03-10 15:00:00,97.0,2021-03-10 08:00:00,2021/03/10/0800Z,36.5,175° @ 8
6064,2021-03-10 16:00:00,98.0,2021-03-10 09:00:00,2021/03/10/0900Z,36.0,175° @ 11
6065,2021-03-10 17:00:00,99.0,2021-03-10 10:00:00,2021/03/10/1000Z,35.2,165° @ 12
6066,2021-03-10 18:00:00,102.0,2021-03-10 11:00:00,2021/03/10/1100Z,32.1,155° @ 14
6067,2021-03-10 19:00:00,104.0,2021-03-10 12:00:00,2021/03/10/1200Z,26.4,220° @ 8
6068,2021-03-10 20:00:00,106.0,2021-03-10 13:00:00,2021/03/10/1300Z,24.8,235° @ 11
6069,2021-03-10 21:00:00,109.0,2021-03-10 14:00:00,2021/03/10/1400Z,23.3,265° @ 11
6070,2021-03-10 22:00:00,,2021-03-10 15:00:00,2021/03/10/1500Z,22.1,270° @ 11
6071,2021-03-10 23:00:00,114.0,2021-03-10 16:00:00,2021/03/10/1600Z,21.0,220° @ 13
6072,2021-03-11 00:00:00,116.0,2021-03-10 17:00:00,2021/03/10/1700Z,20.4,225° @ 20
6073,2021-03-11 01:00:00,119.0,2021-03-10 18:00:00,2021/03/10/1800Z,19.9,215° @ 22
6074,2021-03-11 02:00:00,121.0,2021-03-10 19:00:00,2021/03/10/1900Z,19.6,210° @ 22
6075,2021-03-11 03:00:00,124.0,2021-03-10 20:00:00,2021/03/10/2000Z,19.1,210° @ 19
6076,2021-03-11 04:00:00,126.0,2021-03-10 21:00:00,2021/03/10/2100Z,18.6,210° @ 17
6077,2021-03-11 05:00:00,127.0,2021-03-10 22:00:00,2021/03/10/2200Z,18.2,210° @ 15
6078,2021-03-11 06:00:00,129.0,2021-03-10 23:00:00,2021/03/10/2300Z,17.8,210° @ 14
6079,2021-03-11 07:00:00,,2021-03-11 00:00:00,2021/03/11/0000Z,18.5,210° @ 7
6080,2021-03-11 08:00:00,131.0,2021-03-11 01:00:00,2021/03/11/0100Z,22.4,215° @ 7
6081,2021-03-11 09:00:00,132.0,2021-03-11 02:00:00,2021/03/11/0200Z,27.4,210° @ 9
6082,2021-03-11 10:00:00,,2021-03-11 03:00:00,2021/03/11/0300Z,31.9,215° @ 8
6083,2021-03-11 11:00:00,135.0,2021-03-11 04:00:00,2021/03/11/0400Z,35.2,210° @ 7
6084,2021-03-11 12:00:00,137.0,2021-03-11 05:00:00,2021/03/11/0500Z,36.4,195° @ 5
6085,2021-03-11 13:00:00,,2021-03-11 06:00:00,2021/03/11/0600Z,36.9,220° @ 5
6086,2021-03-11 14:00:00,138.0,2021-03-11 07:00:00,2021/03/11/0700Z,37.4,195° @ 3
6087,2021-03-11 15:00:00,139.0,2021-03-11 08:00:00,2021/03/11/0800Z,37.2,150° @ 3
6088,2021-03-11 16:00:00,139.0,2021-03-11 09:00:00,2021/03/11/0900Z,36.6,160° @ 5
6089,2021-03-11 17:00:00,138.0,2021-03-11 10:00:00,2021/03/11/1000Z,35.4,160° @ 7
6090,2021-03-11 18:00:00,,2021-03-11 11:00:00,2021/03/11/1100Z,32.5,150° @ 9
6091,2021-03-11 19:00:00,136.0,2021-03-11 12:00:00,2021/03/11/1200Z,27.5,70° @ 1
6092,2021-03-11 20:00:00,136.0,2021-03-11 13:00:00,2021/03/11/1300Z,25.8,295° @ 2
6093,2021-03-11 21:00:00,,2021-03-11 14:00:00,2021/03/11/1400Z,24.7,230° @ 5
6094,2021-03-11 22:00:00,134.0,2021-03-11 15:00:00,2021/03/11/1500Z,23.6,230° @ 5
6095,2021-03-11 23:00:00,133.0,2021-03-11 16:00:00,2021/03/11/1600Z,22.4,200° @ 16
6096,2021-03-12 00:00:00,131.0,2021-03-11 17:00:00,2021/03/11/1700Z,22.0,170° @ 23
6097,2021-03-12 01:00:00,129.0,2021-03-11 18:00:00,2021/03/11/1800Z,21.3,185° @ 15
6098,2021-03-12 02:00:00,127.0,2021-03-11 19:00:00,2021/03/11/1900Z,20.6,185° @ 20
6099,2021-03-12 03:00:00,,2021-03-11 20:00:00,2021/03/11/2000Z,20.9,180° @ 24
6100,2021-03-12 04:00:00,123.0,2021-03-11 21:00:00,2021/03/11/2100Z,20.8,180° @ 27
6101,2021-03-12 05:00:00,122.0,2021-03-11 22:00:00,2021/03/11/2200Z,20.4,185° @ 26
6102,2021-03-12 06:00:00,,2021-03-11 23:00:00,2021/03/11/2300Z,19.9,185° @ 23
6103,2021-03-12 07:00:00,117.0,2021-03-12 00:00:00,2021/03/12/0000Z,21.0,200° @ 23
6104,2021-03-12 08:00:00,116.0,2021-03-12 01:00:00,2021/03/12/0100Z,24.1,200° @ 20
6105,2021-03-12 09:00:00,114.0,2021-03-12 02:00:00,2021/03/12/0200Z,28.9,195° @ 21
6106,2021-03-12 10:00:00,,2021-03-12 03:00:00,2021/03/12/0300Z,33.0,195° @ 22
6107,2021-03-12 11:00:00,111.0,2021-03-12 04:00:00,2021/03/12/0400Z,35.9,195° @ 17
6108,2021-03-12 12:00:00,110.0,2021-03-12 05:00:00,2021/03/12/0500Z,37.9,215° @ 8
6109,2021-03-12 13:00:00,,2021-03-12 06:00:00,2021/03/12/0600Z,38.4,275° @ 6
6110,2021-03-12 14:00:00,105.0,2021-03-12 07:00:00,2021/03/12/0700Z,38.7,300° @ 5
6111,2021-03-12 15:00:00,102.0,2021-03-12 08:00:00,2021/03/12/0800Z,38.9,305° @ 4
6112,2021-03-12 16:00:00,101.0,2021-03-12 09:00:00,2021/03/12/0900Z,37.1,225° @ 4
6113,2021-03-12 17:00:00,100.0,2021-03-12 10:00:00,2021/03/12/1000Z,35.6,205° @ 8
6114,2021-03-12 18:00:00,100.0,2021-03-12 11:00:00,2021/03/12/1100Z,32.9,225° @ 9
6115,2021-03-12 19:00:00,99.0,2021-03-12 12:00:00,2021/03/12/1200Z,28.2,325° @ 9
6116,2021-03-12 20:00:00,98.0,2021-03-12 13:00:00,2021/03/12/1300Z,26.8,345° @ 9
6117,2021-03-12 21:00:00,97.0,2021-03-12 14:00:00,2021/03/12/1400Z,25.2,340° @ 9
6118,2021-03-12 22:00:00,98.0,2021-03-12 15:00:00,2021/03/12/1500Z,24.1,285° @ 3
6119,2021-03-12 23:00:00,97.0,2021-03-12 16:00:00,2021/03/12/1600Z,23.0,185° @ 8
6120,2021-03-13 00:00:00,98.0,2021-03-12 17:00:00,2021/03/12/1700Z,22.6,175° @ 25
6121,2021-03-13 01:00:00,98.0,2021-03-12 18:00:00,2021/03/12/1800Z,22.0,195° @ 25
6122,2021-03-13 02:00:00,99.0,2021-03-12 19:00:00,2021/03/12/1900Z,21.2,205° @ 27
6123,2021-03-13 03:00:00,99.0,2021-03-12 20:00:00,2021/03/12/2000Z,20.9,205° @ 27
6124,2021-03-13 04:00:00,100.0,2021-03-12 21:00:00,2021/03/12/2100Z,20.6,205° @ 27
6125,2021-03-13 05:00:00,100.0,2021-03-12 22:00:00,2021/03/12/2200Z,20.1,205° @ 26
6126,2021-03-13 06:00:00,101.0,2021-03-12 23:00:00,2021/03/12/2300Z,19.9,210° @ 22
6127,2021-03-13 07:00:00,101.0,2021-03-13 00:00:00,2021/03/13/0000Z,20.6,205° @ 3
6128,2021-03-13 08:00:00,,2021-03-13 01:00:00,2021/03/13/0100Z,24.2,180° @ 2
6129,2021-03-13 09:00:00,101.0,2021-03-13 02:00:00,2021/03/13/0200Z,29.0,165° @ 3
6130,2021-03-13 10:00:00,102.0,2021-03-13 03:00:00,2021/03/13/0300Z,33.5,170° @ 3
6131,2021-03-13 11:00:00,102.0,2021-03-13 04:00:00,2021/03/13/0400Z,37.0,165° @ 2
6132,2021-03-13 12:00:00,,2021-03-13 05:00:00,2021/03/13/0500Z,38.8,140° @ 1
6133,2021-03-13 13:00:00,104.0,2021-03-13 06:00:00,2021/03/13/0600Z,39.8,15° @ 6
6134,2021-03-13 14:00:00,105.0,2021-03-13 07:00:00,2021/03/13/0700Z,40.4,40° @ 3
6135,2021-03-13 15:00:00,105.0,2021-03-13 08:00:00,2021/03/13/0800Z,39.4,100° @ 3
6136,2021-03-13 16:00:00,107.0,2021-03-13 09:00:00,2021/03/13/0900Z,38.2,100° @ 4
6137,2021-03-13 17:00:00,108.0,2021-03-13 10:00:00,2021/03/13/1000Z,36.6,105° @ 6
6138,2021-03-13 18:00:00,108.0,2021-03-13 11:00:00,2021/03/13/1100Z,33.5,130° @ 8
6139,2021-03-13 19:00:00,109.0,2021-03-13 12:00:00,2021/03/13/1200Z,28.3,350° @ 4
6140,2021-03-13 20:00:00,,2021-03-13 13:00:00,2021/03/13/1300Z,26.5,250° @ 2
6141,2021-03-13 21:00:00,108.0,2021-03-13 14:00:00,2021/03/13/1400Z,25.2,190° @ 11
6142,2021-03-13 22:00:00,108.0,2021-03-13 15:00:00,2021/03/13/1500Z,23.8,165° @ 23
6143,2021-03-13 23:00:00,108.0,2021-03-13 16:00:00,2021/03/13/1600Z,23.0,170° @ 28
6144,2021-03-14 00:00:00,107.0,2021-03-13 17:00:00,2021/03/13/1700Z,22.5,175° @ 32
6145,2021-03-14 01:00:00,,2021-03-13 18:00:00,2021/03/13/1800Z,22.5,190° @ 33
6146,2021-03-14 02:00:00,106.0,2021-03-13 19:00:00,2021/03/13/1900Z,22.3,195° @ 32
6147,2021-03-14 03:00:00,106.0,2021-03-13 20:00:00,2021/03/13/2000Z,21.6,200° @ 27
6148,2021-03-14 04:00:00,105.0,2021-03-13 21:00:00,2021/03/13/2100Z,21.0,210° @ 24
6149,2021-03-14 05:00:00,105.0,2021-03-13 22:00:00,2021/03/13/2200Z,20.5,220° @ 22
6150,2021-03-14 06:00:00,103.0,2021-03-13 23:00:00,2021/03/13/2300Z,19.9,225° @ 23
6151,2021-03-14 07:00:00,103.0,2021-03-14 00:00:00,2021/03/14/0000Z,21.8,215° @ 23
6152,2021-03-14 08:00:00,,2021-03-14 01:00:00,2021/03/14/0100Z,25.2,215° @ 20
6153,2021-03-14 09:00:00,,2021-03-14 02:00:00,2021/03/14/0200Z,29.5,210° @ 18
6154,2021-03-14 10:00:00,,2021-03-14 03:00:00,2021/03/14/0300Z,31.5,210° @ 15
6155,2021-03-14 11:00:00,,2021-03-14 04:00:00,2021/03/14/0400Z,32.7,215° @ 13
6156,2021-03-14 12:00:00,,2021-03-14 05:00:00,2021/03/14/0500Z,33.8,200° @ 10
6157,2021-03-14 13:00:00,,2021-03-14 06:00:00,2021/03/14/0600Z,35.7,210° @ 10
6158,2021-03-14 14:00:00,,2021-03-14 07:00:00,2021/03/14/0700Z,36.2,220° @ 11
6159,2021-03-14 15:00:00,94.0,2021-03-14 08:00:00,2021/03/14/0800Z,33.8,235° @ 14
6160,2021-03-14 16:00:00,93.0,2021-03-14 09:00:00,2021/03/14/0900Z,33.1,260° @ 12
6161,2021-03-14 17:00:00,92.0,2021-03-14 10:00:00,2021/03/14/1000Z,32.6,235° @ 14
6162,2021-03-14 18:00:00,92.0,2021-03-14 11:00:00,2021/03/14/1100Z,30.3,230° @ 13
6163,2021-03-14 19:00:00,91.0,2021-03-14 12:00:00,2021/03/14/1200Z,26.1,245° @ 12
6164,2021-03-14 20:00:00,90.0,2021-03-14 13:00:00,2021/03/14/1300Z,24.6,230° @ 18
6165,2021-03-14 21:00:00,90.0,2021-03-14 14:00:00,2021/03/14/1400Z,23.6,220° @ 28
6166,2021-03-14 22:00:00,90.0,2021-03-14 15:00:00,2021/03/14/1500Z,23.0,220° @ 25
6167,2021-03-14 23:00:00,89.0,2021-03-14 16:00:00,2021/03/14/1600Z,22.2,230° @ 24
6168,2021-03-15 00:00:00,88.0,2021-03-14 17:00:00,2021/03/14/1700Z,21.6,245° @ 27
6169,2021-03-15 01:00:00,88.0,2021-03-14 18:00:00,2021/03/14/1800Z,21.4,250° @ 21
6170,2021-03-15 02:00:00,87.0,2021-03-14 19:00:00,2021/03/14/1900Z,20.8,255° @ 22
6171,2021-03-15 03:00:00,87.0,2021-03-14 20:00:00,2021/03/14/2000Z,20.4,265° @ 24
6172,2021-03-15 04:00:00,86.0,2021-03-14 21:00:00,2021/03/14/2100Z,20.0,270° @ 27
6173,2021-03-15 05:00:00,,2021-03-14 22:00:00,2021/03/14/2200Z,19.7,275° @ 31
6174,2021-03-15 06:00:00,84.0,2021-03-14 23:00:00,2021/03/14/2300Z,19.4,275° @ 23
6175,2021-03-15 07:00:00,,2021-03-15 00:00:00,2021/03/15/0000Z,20.9,285° @ 13
6176,2021-03-15 08:00:00,81.0,2021-03-15 01:00:00,2021/03/15/0100Z,24.6,270° @ 11
6177,2021-03-15 09:00:00,81.0,2021-03-15 02:00:00,2021/03/15/0200Z,29.2,260° @ 11
6178,2021-03-15 10:00:00,80.0,2021-03-15 03:00:00,2021/03/15/0300Z,32.5,255° @ 10
6179,2021-03-15 11:00:00,,2021-03-15 04:00:00,2021/03/15/0400Z,34.8,230° @ 7
6180,2021-03-15 12:00:00,76.0,2021-03-15 05:00:00,2021/03/15/0500Z,36.5,200° @ 7
6181,2021-03-15 13:00:00,75.0,2021-03-15 06:00:00,2021/03/15/0600Z,36.8,220° @ 5
6182,2021-03-15 14:00:00,,2021-03-15 07:00:00,2021/03/15/0700Z,36.6,195° @ 8
6183,2021-03-15 15:00:00,75.0,2021-03-15 08:00:00,2021/03/15/0800Z,37.4,185° @ 8
6184,2021-03-15 16:00:00,75.0,2021-03-15 09:00:00,2021/03/15/0900Z,37.2,175° @ 9
6185,2021-03-15 17:00:00,74.0,2021-03-15 10:00:00,2021/03/15/1000Z,36.1,165° @ 13
6186,2021-03-15 18:00:00,74.0,2021-03-15 11:00:00,2021/03/15/1100Z,33.8,155° @ 17
6187,2021-03-15 19:00:00,73.0,2021-03-15 12:00:00,2021/03/15/1200Z,28.8,205° @ 15
6188,2021-03-15 20:00:00,73.0,2021-03-15 13:00:00,2021/03/15/1300Z,27.0,235° @ 17
6189,2021-03-15 21:00:00,72.0,2021-03-15 14:00:00,2021/03/15/1400Z,25.1,255° @ 19
6190,2021-03-15 22:00:00,72.0,2021-03-15 15:00:00,2021/03/15/1500Z,24.1,255° @ 18
6191,2021-03-15 23:00:00,72.0,2021-03-15 16:00:00,2021/03/15/1600Z,23.3,260° @ 22
6192,2021-03-16 00:00:00,72.0,2021-03-15 17:00:00,2021/03/15/1700Z,22.4,290° @ 21
6193,2021-03-16 01:00:00,72.0,2021-03-15 18:00:00,2021/03/15/1800Z,21.7,265° @ 17
6194,2021-03-16 02:00:00,71.0,2021-03-15 19:00:00,2021/03/15/1900Z,20.9,265° @ 23
6195,2021-03-16 03:00:00,70.0,2021-03-15 20:00:00,2021/03/15/2000Z,20.1,275° @ 22
6196,2021-03-16 04:00:00,,2021-03-15 21:00:00,2021/03/15/2100Z,19.5,275° @ 21
6197,2021-03-16 05:00:00,69.0,2021-03-15 22:00:00,2021/03/15/2200Z,19.0,270° @ 22
6198,2021-03-16 06:00:00,69.0,2021-03-15 23:00:00,2021/03/15/2300Z,18.6,275° @ 21
6199,2021-03-16 07:00:00,,2021-03-16 00:00:00,2021/03/16/0000Z,19.9,270° @ 15
6200,2021-03-16 08:00:00,68.0,2021-03-16 01:00:00,2021/03/16/0100Z,23.8,265° @ 14
6201,2021-03-16 09:00:00,67.0,2021-03-16 02:00:00,2021/03/16/0200Z,28.5,265° @ 12
6202,2021-03-16 10:00:00,67.0,2021-03-16 03:00:00,2021/03/16/0300Z,33.1,265° @ 13
6203,2021-03-16 11:00:00,67.0,2021-03-16 04:00:00,2021/03/16/0400Z,35.9,250° @ 11
6204,2021-03-16 12:00:00,67.0,2021-03-16 05:00:00,2021/03/16/0500Z,36.8,200° @ 11
6205,2021-03-16 13:00:00,67.0,2021-03-16 06:00:00,2021/03/16/0600Z,37.1,200° @ 11
6206,2021-03-16 14:00:00,67.0,2021-03-16 07:00:00,2021/03/16/0700Z,37.4,190° @ 12
6207,2021-03-16 15:00:00,67.0,2021-03-16 08:00:00,2021/03/16/0800Z,37.8,185° @ 11
6208,2021-03-16 16:00:00,,2021-03-16 09:00:00,2021/03/16/0900Z,37.6,175° @ 12
6209,2021-03-16 17:00:00,66.0,2021-03-16 10:00:00,2021/03/16/1000Z,36.8,175° @ 13
6210,2021-03-16 18:00:00,,2021-03-16 11:00:00,2021/03/16/1100Z,34.2,180° @ 14
6211,2021-03-16 19:00:00,65.0,2021-03-16 12:00:00,2021/03/16/1200Z,28.3,210° @ 16
6212,2021-03-16 20:00:00,,2021-03-16 13:00:00,2021/03/16/1300Z,26.6,220° @ 17
6213,2021-03-16 21:00:00,64.0,2021-03-16 14:00:00,2021/03/16/1400Z,25.4,245° @ 17
6214,2021-03-16 22:00:00,,2021-03-16 15:00:00,2021/03/16/1500Z,24.6,270° @ 18
6215,2021-03-16 23:00:00,63.0,2021-03-16 16:00:00,2021/03/16/1600Z,23.3,260° @ 18
6216,2021-03-17 00:00:00,,2021-03-16 17:00:00,2021/03/16/1700Z,22.6,245° @ 21
6217,2021-03-17 01:00:00,62.0,2021-03-16 18:00:00,2021/03/16/1800Z,21.6,260° @ 26
6218,2021-03-17 02:00:00,62.0,2021-03-16 19:00:00,2021/03/16/1900Z,20.8,255° @ 29
6219,2021-03-17 03:00:00,62.0,2021-03-16 20:00:00,2021/03/16/2000Z,20.3,260° @ 26
6220,2021-03-17 04:00:00,61.0,2021-03-16 21:00:00,2021/03/16/2100Z,19.9,270° @ 24
6221,2021-03-17 05:00:00,,2021-03-16 22:00:00,2021/03/16/2200Z,19.3,275° @ 21
6222,2021-03-17 06:00:00,61.0,2021-03-16 23:00:00,2021/03/16/2300Z,18.8,280° @ 19
6223,2021-03-17 07:00:00,61.0,2021-03-17 00:00:00,2021/03/17/0000Z,20.2,270° @ 9
6224,2021-03-17 08:00:00,62.0,2021-03-17 01:00:00,2021/03/17/0100Z,24.2,265° @ 9
6225,2021-03-17 09:00:00,62.0,2021-03-17 02:00:00,2021/03/17/0200Z,29.1,265° @ 10
6226,2021-03-17 10:00:00,63.0,2021-03-17 03:00:00,2021/03/17/0300Z,33.5,270° @ 11
6227,2021-03-17 11:00:00,64.0,2021-03-17 04:00:00,2021/03/17/0400Z,36.9,265° @ 8
6228,2021-03-17 12:00:00,65.0,2021-03-17 05:00:00,2021/03/17/0500Z,38.5,220° @ 4
6229,2021-03-17 13:00:00,65.0,2021-03-17 06:00:00,2021/03/17/0600Z,38.6,180° @ 3
6230,2021-03-17 14:00:00,66.0,2021-03-17 07:00:00,2021/03/17/0700Z,38.2,170° @ 5
6231,2021-03-17 15:00:00,66.0,2021-03-17 08:00:00,2021/03/17/0800Z,37.8,160° @ 7
6232,2021-03-17 16:00:00,66.0,2021-03-17 09:00:00,2021/03/17/0900Z,37.7,160° @ 8
6233,2021-03-17 17:00:00,66.0,2021-03-17 10:00:00,2021/03/17/1000Z,36.5,160° @ 9
6234,2021-03-17 18:00:00,66.0,2021-03-17 11:00:00,2021/03/17/1100Z,33.8,155° @ 10
6235,2021-03-17 19:00:00,66.0,2021-03-17 12:00:00,2021/03/17/1200Z,29.5,210° @ 11
6236,2021-03-17 20:00:00,,2021-03-17 13:00:00,2021/03/17/1300Z,28.1,215° @ 15
6237,2021-03-17 21:00:00,66.0,2021-03-17 14:00:00,2021/03/17/1400Z,27.0,200° @ 20
6238,2021-03-17 22:00:00,66.0,2021-03-17 15:00:00,2021/03/17/1500Z,26.0,200° @ 25
6239,2021-03-17 23:00:00,66.0,2021-03-17 16:00:00,2021/03/17/1600Z,25.2,215° @ 29
6240,2021-03-18 00:00:00,66.0,2021-03-17 17:00:00,2021/03/17/1700Z,24.5,230° @ 28
6241,2021-03-18 01:00:00,66.0,2021-03-17 18:00:00,2021/03/17/1800Z,23.3,245° @ 25
6242,2021-03-18 02:00:00,66.0,2021-03-17 19:00:00,2021/03/17/1900Z,22.7,255° @ 23
6243,2021-03-18 03:00:00,,2021-03-17 20:00:00,2021/03/17/2000Z,22.0,265° @ 21
6244,2021-03-18 04:00:00,66.0,2021-03-17 21:00:00,2021/03/17/2100Z,21.5,270° @ 19
6245,2021-03-18 05:00:00,66.0,2021-03-17 22:00:00,2021/03/17/2200Z,20.9,280° @ 18
6246,2021-03-18 06:00:00,66.0,2021-03-17 23:00:00,2021/03/17/2300Z,20.6,280° @ 17
6247,2021-03-18 07:00:00,,2021-03-18 00:00:00,2021/03/18/0000Z,22.4,270° @ 11
6248,2021-03-18 08:00:00,65.0,2021-03-18 01:00:00,2021/03/18/0100Z,25.8,270° @ 11
6249,2021-03-18 09:00:00,64.0,2021-03-18 02:00:00,2021/03/18/0200Z,29.9,275° @ 10
6250,2021-03-18 10:00:00,64.0,2021-03-18 03:00:00,2021/03/18/0300Z,34.5,280° @ 9
6251,2021-03-18 11:00:00,66.0,2021-03-18 04:00:00,2021/03/18/0400Z,37.5,260° @ 5
6252,2021-03-18 12:00:00,,2021-03-18 05:00:00,2021/03/18/0500Z,39.7,215° @ 3
6253,2021-03-18 13:00:00,67.0,2021-03-18 06:00:00,2021/03/18/0600Z,40.1,185° @ 1
6254,2021-03-18 14:00:00,,2021-03-18 07:00:00,2021/03/18/0700Z,39.3,160° @ 3
6255,2021-03-18 15:00:00,68.0,2021-03-18 08:00:00,2021/03/18/0800Z,38.7,160° @ 5
6256,2021-03-18 16:00:00,68.0,2021-03-18 09:00:00,2021/03/18/0900Z,38.0,175° @ 7
6257,2021-03-18 17:00:00,68.0,2021-03-18 10:00:00,2021/03/18/1000Z,37.1,185° @ 10
6258,2021-03-18 18:00:00,,2021-03-18 11:00:00,2021/03/18/1100Z,34.7,185° @ 12
6259,2021-03-18 19:00:00,70.0,2021-03-18 12:00:00,2021/03/18/1200Z,31.3,200° @ 8
6260,2021-03-18 20:00:00,70.0,2021-03-18 13:00:00,2021/03/18/1300Z,30.0,195° @ 13
6261,2021-03-18 21:00:00,70.0,2021-03-18 14:00:00,2021/03/18/1400Z,28.1,190° @ 20
6262,2021-03-18 22:00:00,,2021-03-18 15:00:00,2021/03/18/1500Z,26.4,180° @ 31
6263,2021-03-18 23:00:00,71.0,2021-03-18 16:00:00,2021/03/18/1600Z,25.3,185° @ 33
6264,2021-03-19 00:00:00,71.0,2021-03-18 17:00:00,2021/03/18/1700Z,24.6,190° @ 34
6265,2021-03-19 01:00:00,72.0,2021-03-18 18:00:00,2021/03/18/1800Z,24.2,205° @ 31
6266,2021-03-19 02:00:00,72.0,2021-03-18 19:00:00,2021/03/18/1900Z,23.5,215° @ 25
6267,2021-03-19 03:00:00,72.0,2021-03-18 20:00:00,2021/03/18/2000Z,22.7,230° @ 19
6268,2021-03-19 04:00:00,,2021-03-18 21:00:00,2021/03/18/2100Z,22.2,250° @ 15
6269,2021-03-19 05:00:00,72.0,2021-03-18 22:00:00,2021/03/18/2200Z,21.6,255° @ 17
6270,2021-03-19 06:00:00,73.0,2021-03-18 23:00:00,2021/03/18/2300Z,21.1,260° @ 20
6271,2021-03-19 07:00:00,,2021-03-19 00:00:00,2021/03/19/0000Z,22.7,235° @ 19
6272,2021-03-19 08:00:00,74.0,2021-03-19 01:00:00,2021/03/19/0100Z,26.5,245° @ 17
6273,2021-03-19 09:00:00,75.0,2021-03-19 02:00:00,2021/03/19/0200Z,31.4,255° @ 15
6274,2021-03-19 10:00:00,,2021-03-19 03:00:00,2021/03/19/0300Z,35.1,255° @ 13
6275,2021-03-19 11:00:00,75.0,2021-03-19 04:00:00,2021/03/19/0400Z,37.2,245° @ 8
6276,2021-03-19 12:00:00,74.0,2021-03-19 05:00:00,2021/03/19/0500Z,38.4,210° @ 7
6277,2021-03-19 13:00:00,73.0,2021-03-19 06:00:00,2021/03/19/0600Z,38.9,215° @ 9
6278,2021-03-19 14:00:00,,2021-03-19 07:00:00,2021/03/19/0700Z,39.0,185° @ 9
6279,2021-03-19 15:00:00,72.0,2021-03-19 08:00:00,2021/03/19/0800Z,39.2,175° @ 9
6280,2021-03-19 16:00:00,72.0,2021-03-19 09:00:00,2021/03/19/0900Z,39.4,175° @ 10
6281,2021-03-19 17:00:00,,2021-03-19 10:00:00,2021/03/19/1000Z,37.9,180° @ 11
6282,2021-03-19 18:00:00,70.0,2021-03-19 11:00:00,2021/03/19/1100Z,35.2,180° @ 13
6283,2021-03-19 19:00:00,70.0,2021-03-19 12:00:00,2021/03/19/1200Z,31.7,220° @ 14
6284,2021-03-19 20:00:00,69.0,2021-03-19 13:00:00,2021/03/19/1300Z,29.9,235° @ 16
6285,2021-03-19 21:00:00,69.0,2021-03-19 14:00:00,2021/03/19/1400Z,28.4,235° @ 17
6286,2021-03-19 22:00:00,69.0,2021-03-19 15:00:00,2021/03/19/1500Z,27.1,235° @ 19
6287,2021-03-19 23:00:00,68.0,2021-03-19 16:00:00,2021/03/19/1600Z,26.3,210° @ 21
6288,2021-03-20 00:00:00,68.0,2021-03-19 17:00:00,2021/03/19/1700Z,25.4,210° @ 27
6289,2021-03-20 01:00:00,,2021-03-19 18:00:00,2021/03/19/1800Z,24.5,225° @ 22
6290,2021-03-20 02:00:00,68.0,2021-03-19 19:00:00,2021/03/19/1900Z,23.8,250° @ 19
6291,2021-03-20 03:00:00,,2021-03-19 20:00:00,2021/03/19/2000Z,23.0,270° @ 20
6292,2021-03-20 04:00:00,67.0,2021-03-19 21:00:00,2021/03/19/2100Z,22.4,275° @ 20
6293,2021-03-20 05:00:00,67.0,2021-03-19 22:00:00,2021/03/19/2200Z,21.9,280° @ 19
6294,2021-03-20 06:00:00,67.0,2021-03-19 23:00:00,2021/03/19/2300Z,21.5,280° @ 18
6295,2021-03-20 07:00:00,67.0,2021-03-20 00:00:00,2021/03/20/0000Z,23.3,265° @ 13
6296,2021-03-20 08:00:00,66.0,2021-03-20 01:00:00,2021/03/20/0100Z,27.0,255° @ 13
6297,2021-03-20 09:00:00,66.0,2021-03-20 02:00:00,2021/03/20/0200Z,31.4,250° @ 14
6298,2021-03-20 10:00:00,65.0,2021-03-20 03:00:00,2021/03/20/0300Z,35.4,250° @ 13
6299,2021-03-20 11:00:00,,2021-03-20 04:00:00,2021/03/20/0400Z,37.9,235° @ 11
6300,2021-03-20 12:00:00,65.0,2021-03-20 05:00:00,2021/03/20/0500Z,38.5,235° @ 11
6301,2021-03-20 13:00:00,,2021-03-20 06:00:00,2021/03/20/0600Z,39.1,205° @ 8
6302,2021-03-20 14:00:00,66.0,2021-03-20 07:00:00,2021/03/20/0700Z,39.4,190° @ 10
6303,2021-03-20 15:00:00,67.0,2021-03-20 08:00:00,2021/03/20/0800Z,39.1,190° @ 14
6304,2021-03-20 16:00:00,67.0,2021-03-20 09:00:00,2021/03/20/0900Z,38.7,190° @ 15
6305,2021-03-20 17:00:00,68.0,2021-03-20 10:00:00,2021/03/20/1000Z,38.0,205° @ 18
6306,2021-03-20 18:00:00,68.0,2021-03-20 11:00:00,2021/03/20/1100Z,35.3,215° @ 19
6307,2021-03-20 19:00:00,69.0,2021-03-20 12:00:00,2021/03/20/1200Z,31.8,215° @ 21
6308,2021-03-20 20:00:00,69.0,2021-03-20 13:00:00,2021/03/20/1300Z,29.4,225° @ 19
6309,2021-03-20 21:00:00,70.0,2021-03-20 14:00:00,2021/03/20/1400Z,27.4,215° @ 20
6310,2021-03-20 22:00:00,70.0,2021-03-20 15:00:00,2021/03/20/1500Z,26.2,215° @ 17
6311,2021-03-20 23:00:00,70.0,2021-03-20 16:00:00,2021/03/20/1600Z,25.5,225° @ 21
6312,2021-03-21 00:00:00,70.0,2021-03-20 17:00:00,2021/03/20/1700Z,24.7,245° @ 20
6313,2021-03-21 01:00:00,70.0,2021-03-20 18:00:00,2021/03/20/1800Z,24.1,225° @ 22
6314,2021-03-21 02:00:00,70.0,2021-03-20 19:00:00,2021/03/20/1900Z,23.5,235° @ 18
6315,2021-03-21 03:00:00,70.0,2021-03-20 20:00:00,2021/03/20/2000Z,23.0,250° @ 16
6316,2021-03-21 04:00:00,71.0,2021-03-20 21:00:00,2021/03/20/2100Z,22.4,270° @ 18
6317,2021-03-21 05:00:00,70.0,2021-03-20 22:00:00,2021/03/20/2200Z,22.4,275° @ 21
6318,2021-03-21 06:00:00,70.0,2021-03-20 23:00:00,2021/03/20/2300Z,21.3,280° @ 22
6319,2021-03-21 07:00:00,70.0,2021-03-21 00:00:00,2021/03/21/0000Z,23.1,260° @ 18
6320,2021-03-21 08:00:00,69.0,2021-03-21 01:00:00,2021/03/21/0100Z,27.1,255° @ 16
6321,2021-03-21 09:00:00,69.0,2021-03-21 02:00:00,2021/03/21/0200Z,31.6,250° @ 13
6322,2021-03-21 10:00:00,68.0,2021-03-21 03:00:00,2021/03/21/0300Z,35.5,235° @ 12
6323,2021-03-21 11:00:00,,2021-03-21 04:00:00,2021/03/21/0400Z,37.3,205° @ 10
6324,2021-03-21 12:00:00,66.0,2021-03-21 05:00:00,2021/03/21/0500Z,38.7,190° @ 11
6325,2021-03-21 13:00:00,65.0,2021-03-21 06:00:00,2021/03/21/0600Z,39.7,190° @ 9
6326,2021-03-21 14:00:00,64.0,2021-03-21 07:00:00,2021/03/21/0700Z,39.9,180° @ 10
6327,2021-03-21 15:00:00,64.0,2021-03-21 08:00:00,2021/03/21/0800Z,40.0,175° @ 11
6328,2021-03-21 16:00:00,62.0,2021-03-21 09:00:00,2021/03/21/0900Z,39.8,170° @ 12
6329,2021-03-21 17:00:00,61.0,2021-03-21 10:00:00,2021/03/21/1000Z,39.0,170° @ 12
6330,2021-03-21 18:00:00,60.0,2021-03-21 11:00:00,2021/03/21/1100Z,36.6,170° @ 15
6331,2021-03-21 19:00:00,60.0,2021-03-21 12:00:00,2021/03/21/1200Z,31.4,205° @ 19
6332,2021-03-21 20:00:00,59.0,2021-03-21 13:00:00,2021/03/21/1300Z,29.7,205° @ 22
6333,2021-03-21 21:00:00,58.0,2021-03-21 14:00:00,2021/03/21/1400Z,28.1,215° @ 25
6334,2021-03-21 22:00:00,57.0,2021-03-21 15:00:00,2021/03/21/1500Z,27.3,215° @ 25
6335,2021-03-21 23:00:00,57.0,2021-03-21 16:00:00,2021/03/21/1600Z,25.9,195° @ 23
6336,2021-03-22 00:00:00,56.0,2021-03-21 17:00:00,2021/03/21/1700Z,24.9,195° @ 20
6337,2021-03-22 01:00:00,55.0,2021-03-21 18:00:00,2021/03/21/1800Z,24.3,195° @ 21
6338,2021-03-22 02:00:00,55.0,2021-03-21 19:00:00,2021/03/21/1900Z,23.6,200° @ 18
6339,2021-03-22 03:00:00,55.0,2021-03-21 20:00:00,2021/03/21/2000Z,22.9,195° @ 14
6340,2021-03-22 04:00:00,54.0,2021-03-21 21:00:00,2021/03/21/2100Z,22.6,165° @ 20
6341,2021-03-22 05:00:00,55.0,2021-03-21 22:00:00,2021/03/21/2200Z,22.6,170° @ 29
6342,2021-03-22 06:00:00,55.0,2021-03-21 23:00:00,2021/03/21/2300Z,21.9,180° @ 35
6343,2021-03-22 07:00:00,,2021-03-22 00:00:00,2021/03/22/0000Z,23.3,180° @ 42
6344,2021-03-22 08:00:00,57.0,2021-03-22 01:00:00,2021/03/22/0100Z,26.2,180° @ 36
6345,2021-03-22 09:00:00,,2021-03-22 02:00:00,2021/03/22/0200Z,29.0,175° @ 31
6346,2021-03-22 10:00:00,58.0,2021-03-22 03:00:00,2021/03/22/0300Z,31.1,170° @ 21
6347,2021-03-22 11:00:00,,2021-03-22 04:00:00,2021/03/22/0400Z,33.4,165° @ 19
6348,2021-03-22 12:00:00,55.0,2021-03-22 05:00:00,2021/03/22/0500Z,35.0,165° @ 18
6349,2021-03-22 13:00:00,54.0,2021-03-22 06:00:00,2021/03/22/0600Z,35.0,170° @ 17
6350,2021-03-22 14:00:00,,2021-03-22 07:00:00,2021/03/22/0700Z,34.9,165° @ 18
6351,2021-03-22 15:00:00,53.0,2021-03-22 08:00:00,2021/03/22/0800Z,35.2,150° @ 22
6352,2021-03-22 16:00:00,,2021-03-22 09:00:00,2021/03/22/0900Z,35.5,155° @ 23
6353,2021-03-22 17:00:00,54.0,2021-03-22 10:00:00,2021/03/22/1000Z,29.2,90° @ 11
6354,2021-03-22 18:00:00,,2021-03-22 11:00:00,2021/03/22/1100Z,23.4,90° @ 11
6355,2021-03-22 19:00:00,54.0,2021-03-22 12:00:00,2021/03/22/1200Z,23.2,180° @ 22
6356,2021-03-22 20:00:00,54.0,2021-03-22 13:00:00,2021/03/22/1300Z,23.0,160° @ 26
6357,2021-03-22 21:00:00,54.0,2021-03-22 14:00:00,2021/03/22/1400Z,22.6,150° @ 26
6358,2021-03-22 22:00:00,54.0,2021-03-22 15:00:00,2021/03/22/1500Z,22.1,150° @ 26
6359,2021-03-22 23:00:00,53.0,2021-03-22 16:00:00,2021/03/22/1600Z,21.8,175° @ 30
6360,2021-03-23 00:00:00,,2021-03-22 17:00:00,2021/03/22/1700Z,21.5,180° @ 32
6361,2021-03-23 01:00:00,53.0,2021-03-22 18:00:00,2021/03/22/1800Z,21.4,180° @ 28
6362,2021-03-23 02:00:00,52.0,2021-03-22 19:00:00,2021/03/22/1900Z,21.0,185° @ 24
6363,2021-03-23 03:00:00,52.0,2021-03-22 20:00:00,2021/03/22/2000Z,21.0,185° @ 25
6364,2021-03-23 04:00:00,,2021-03-22 21:00:00,2021/03/22/2100Z,20.9,180° @ 25
6365,2021-03-23 05:00:00,50.0,2021-03-22 22:00:00,2021/03/22/2200Z,20.8,180° @ 24
6366,2021-03-23 06:00:00,49.0,2021-03-22 23:00:00,2021/03/22/2300Z,20.7,180° @ 23
6367,2021-03-23 07:00:00,48.0,2021-03-23 00:00:00,2021/03/23/0000Z,21.5,180° @ 22
6368,2021-03-23 08:00:00,,2021-03-23 01:00:00,2021/03/23/0100Z,23.9,180° @ 22
6369,2021-03-23 09:00:00,44.0,2021-03-23 02:00:00,2021/03/23/0200Z,26.7,180° @ 22
6370,2021-03-23 10:00:00,,2021-03-23 03:00:00,2021/03/23/0300Z,29.2,180° @ 15
6371,2021-03-23 11:00:00,42.0,2021-03-23 04:00:00,2021/03/23/0400Z,31.3,190° @ 11
6372,2021-03-23 12:00:00,42.0,2021-03-23 05:00:00,2021/03/23/0500Z,32.7,200° @ 9
6373,2021-03-23 13:00:00,41.0,2021-03-23 06:00:00,2021/03/23/0600Z,33.3,205° @ 4
6374,2021-03-23 14:00:00,41.0,2021-03-23 07:00:00,2021/03/23/0700Z,32.1,150° @ 4
6375,2021-03-23 15:00:00,,2021-03-23 08:00:00,2021/03/23/0800Z,33.5,165° @ 6
6376,2021-03-23 16:00:00,40.0,2021-03-23 09:00:00,2021/03/23/0900Z,30.9,230° @ 8
6377,2021-03-23 17:00:00,40.0,2021-03-23 10:00:00,2021/03/23/1000Z,30.3,180° @ 13
6378,2021-03-23 18:00:00,40.0,2021-03-23 11:00:00,2021/03/23/1100Z,29.3,155° @ 10
6379,2021-03-23 19:00:00,40.0,2021-03-23 12:00:00,2021/03/23/1200Z,27.2,180° @ 11
6380,2021-03-23 20:00:00,,2021-03-23 13:00:00,2021/03/23/1300Z,25.4,185° @ 15
6381,2021-03-23 21:00:00,40.0,2021-03-23 14:00:00,2021/03/23/1400Z,24.7,200° @ 19
6382,2021-03-23 22:00:00,40.0,2021-03-23 15:00:00,2021/03/23/1500Z,24.3,205° @ 20
6383,2021-03-23 23:00:00,,2021-03-23 16:00:00,2021/03/23/1600Z,23.7,215° @ 19
6384,2021-03-24 00:00:00,40.0,2021-03-23 17:00:00,2021/03/23/1700Z,23.2,215° @ 19
6385,2021-03-24 01:00:00,,2021-03-23 18:00:00,2021/03/23/1800Z,23.2,205° @ 17
6386,2021-03-24 02:00:00,40.0,2021-03-23 19:00:00,2021/03/23/1900Z,22.6,200° @ 18
6387,2021-03-24 03:00:00,40.0,2021-03-23 20:00:00,2021/03/23/2000Z,22.2,200° @ 18
6388,2021-03-24 04:00:00,40.0,2021-03-23 21:00:00,2021/03/23/2100Z,22.0,200° @ 16
6389,2021-03-24 05:00:00,40.0,2021-03-23 22:00:00,2021/03/23/2200Z,21.7,200° @ 14
6390,2021-03-24 06:00:00,41.0,2021-03-23 23:00:00,2021/03/23/2300Z,21.4,200° @ 13
6391,2021-03-24 07:00:00,41.0,2021-03-24 00:00:00,2021/03/24/0000Z,22.2,205° @ 15
6392,2021-03-24 08:00:00,42.0,2021-03-24 01:00:00,2021/03/24/0100Z,25.6,205° @ 14
6393,2021-03-24 09:00:00,42.0,2021-03-24 02:00:00,2021/03/24/0200Z,28.7,210° @ 14
6394,2021-03-24 10:00:00,,2021-03-24 03:00:00,2021/03/24/0300Z,31.2,215° @ 12
6395,2021-03-24 11:00:00,42.0,2021-03-24 04:00:00,2021/03/24/0400Z,33.2,220° @ 9
6396,2021-03-24 12:00:00,,2021-03-24 05:00:00,2021/03/24/0500Z,34.8,240° @ 6
6397,2021-03-24 13:00:00,43.0,2021-03-24 06:00:00,2021/03/24/0600Z,35.8,280° @ 2
6398,2021-03-24 14:00:00,43.0,2021-03-24 07:00:00,2021/03/24/0700Z,36.8,135° @ 2
6399,2021-03-24 15:00:00,43.0,2021-03-24 08:00:00,2021/03/24/0800Z,36.8,160° @ 7
6400,2021-03-24 16:00:00,44.0,2021-03-24 09:00:00,2021/03/24/0900Z,36.0,180° @ 13
6401,2021-03-24 17:00:00,44.0,2021-03-24 10:00:00,2021/03/24/1000Z,34.9,195° @ 15
6402,2021-03-24 18:00:00,44.0,2021-03-24 11:00:00,2021/03/24/1100Z,32.8,205° @ 15
6403,2021-03-24 19:00:00,44.0,2021-03-24 12:00:00,2021/03/24/1200Z,29.5,210° @ 16
6404,2021-03-24 20:00:00,45.0,2021-03-24 13:00:00,2021/03/24/1300Z,28.0,205° @ 18
6405,2021-03-24 21:00:00,45.0,2021-03-24 14:00:00,2021/03/24/1400Z,27.0,210° @ 18
6406,2021-03-24 22:00:00,45.0,2021-03-24 15:00:00,2021/03/24/1500Z,26.4,230° @ 16
6407,2021-03-24 23:00:00,,2021-03-24 16:00:00,2021/03/24/1600Z,25.8,250° @ 16
6408,2021-03-25 00:00:00,45.0,2021-03-24 17:00:00,2021/03/24/1700Z,25.1,250° @ 16
6409,2021-03-25 01:00:00,45.0,2021-03-24 18:00:00,2021/03/24/1800Z,24.5,260° @ 16
6410,2021-03-25 02:00:00,,2021-03-24 19:00:00,2021/03/24/1900Z,23.9,260° @ 13
6411,2021-03-25 03:00:00,46.0,2021-03-24 20:00:00,2021/03/24/2000Z,23.4,265° @ 11
6412,2021-03-25 04:00:00,,2021-03-24 21:00:00,2021/03/24/2100Z,23.0,265° @ 9
6413,2021-03-25 05:00:00,47.0,2021-03-24 22:00:00,2021/03/24/2200Z,22.6,265° @ 7
6414,2021-03-25 06:00:00,,2021-03-24 23:00:00,2021/03/24/2300Z,22.2,255° @ 7
6415,2021-03-25 07:00:00,47.0,2021-03-25 00:00:00,2021/03/25/0000Z,23.0,250° @ 7
6416,2021-03-25 08:00:00,46.0,2021-03-25 01:00:00,2021/03/25/0100Z,26.4,250° @ 7
6417,2021-03-25 09:00:00,,2021-03-25 02:00:00,2021/03/25/0200Z,29.9,235° @ 5
6418,2021-03-25 10:00:00,48.0,2021-03-25 03:00:00,2021/03/25/0300Z,33.0,240° @ 5
6419,2021-03-25 11:00:00,48.0,2021-03-25 04:00:00,2021/03/25/0400Z,35.0,205° @ 3
6420,2021-03-25 12:00:00,,2021-03-25 05:00:00,2021/03/25/0500Z,36.4,140° @ 2
6421,2021-03-25 13:00:00,50.0,2021-03-25 06:00:00,2021/03/25/0600Z,37.5,55° @ 1
6422,2021-03-25 14:00:00,50.0,2021-03-25 07:00:00,2021/03/25/0700Z,38.0,85° @ 3
6423,2021-03-25 15:00:00,52.0,2021-03-25 08:00:00,2021/03/25/0800Z,37.7,120° @ 4
6424,2021-03-25 16:00:00,52.0,2021-03-25 09:00:00,2021/03/25/0900Z,36.7,165° @ 9
6425,2021-03-25 17:00:00,53.0,2021-03-25 10:00:00,2021/03/25/1000Z,35.8,190° @ 12
6426,2021-03-25 18:00:00,,2021-03-25 11:00:00,2021/03/25/1100Z,33.7,200° @ 13
6427,2021-03-25 19:00:00,54.0,2021-03-25 12:00:00,2021/03/25/1200Z,30.6,200° @ 12
6428,2021-03-25 20:00:00,54.0,2021-03-25 13:00:00,2021/03/25/1300Z,29.2,195° @ 17
6429,2021-03-25 21:00:00,55.0,2021-03-25 14:00:00,2021/03/25/1400Z,28.4,195° @ 20
6430,2021-03-25 22:00:00,56.0,2021-03-25 15:00:00,2021/03/25/1500Z,27.7,195° @ 22
6431,2021-03-25 23:00:00,57.0,2021-03-25 16:00:00,2021/03/25/1600Z,27.0,195° @ 26
6432,2021-03-26 00:00:00,57.0,2021-03-25 17:00:00,2021/03/25/1700Z,26.2,205° @ 24
6433,2021-03-26 01:00:00,57.0,2021-03-25 18:00:00,2021/03/25/1800Z,25.6,210° @ 24
6434,2021-03-26 02:00:00,57.0,2021-03-25 19:00:00,2021/03/25/1900Z,25.2,220° @ 20
6435,2021-03-26 03:00:00,,2021-03-25 20:00:00,2021/03/25/2000Z,24.6,250° @ 17
6436,2021-03-26 04:00:00,58.0,2021-03-25 21:00:00,2021/03/25/2100Z,24.0,260° @ 16
6437,2021-03-26 05:00:00,59.0,2021-03-25 22:00:00,2021/03/25/2200Z,23.6,250° @ 14
6438,2021-03-26 06:00:00,59.0,2021-03-25 23:00:00,2021/03/25/2300Z,23.1,240° @ 14
6439,2021-03-26 07:00:00,,2021-03-26 00:00:00,2021/03/26/0000Z,23.8,245° @ 16
6440,2021-03-26 08:00:00,60.0,2021-03-26 01:00:00,2021/03/26/0100Z,27.3,245° @ 15
6441,2021-03-26 09:00:00,60.0,2021-03-26 02:00:00,2021/03/26/0200Z,30.6,245° @ 15
6442,2021-03-26 10:00:00,60.0,2021-03-26 03:00:00,2021/03/26/0300Z,33.3,240° @ 14
6443,2021-03-26 11:00:00,60.0,2021-03-26 04:00:00,2021/03/26/0400Z,35.5,220° @ 11
6444,2021-03-26 12:00:00,60.0,2021-03-26 05:00:00,2021/03/26/0500Z,36.9,210° @ 10
6445,2021-03-26 13:00:00,,2021-03-26 06:00:00,2021/03/26/0600Z,37.6,210° @ 10
6446,2021-03-26 14:00:00,60.0,2021-03-26 07:00:00,2021/03/26/0700Z,37.7,170° @ 12
6447,2021-03-26 15:00:00,59.0,2021-03-26 08:00:00,2021/03/26/0800Z,35.8,185° @ 10
6448,2021-03-26 16:00:00,59.0,2021-03-26 09:00:00,2021/03/26/0900Z,34.8,215° @ 8
6449,2021-03-26 17:00:00,59.0,2021-03-26 10:00:00,2021/03/26/1000Z,34.6,210° @ 6
6450,2021-03-26 18:00:00,58.0,2021-03-26 11:00:00,2021/03/26/1100Z,33.5,210° @ 10
6451,2021-03-26 19:00:00,58.0,2021-03-26 12:00:00,2021/03/26/1200Z,31.3,220° @ 14
6452,2021-03-26 20:00:00,,2021-03-26 13:00:00,2021/03/26/1300Z,29.3,215° @ 16
6453,2021-03-26 21:00:00,57.0,2021-03-26 14:00:00,2021/03/26/1400Z,28.2,210° @ 28
6454,2021-03-26 22:00:00,56.0,2021-03-26 15:00:00,2021/03/26/1500Z,27.4,210° @ 29
6455,2021-03-26 23:00:00,,2021-03-26 16:00:00,2021/03/26/1600Z,26.5,230° @ 20
6456,2021-03-27 00:00:00,55.0,2021-03-26 17:00:00,2021/03/26/1700Z,25.8,265° @ 18
6457,2021-03-27 01:00:00,55.0,2021-03-26 18:00:00,2021/03/26/1800Z,24.9,285° @ 27
6458,2021-03-27 02:00:00,55.0,2021-03-26 19:00:00,2021/03/26/1900Z,24.5,295° @ 23
6459,2021-03-27 03:00:00,,2021-03-26 20:00:00,2021/03/26/2000Z,24.0,300° @ 20
6460,2021-03-27 04:00:00,54.0,2021-03-26 21:00:00,2021/03/26/2100Z,23.6,295° @ 19
6461,2021-03-27 05:00:00,54.0,2021-03-26 22:00:00,2021/03/26/2200Z,23.1,285° @ 16
6462,2021-03-27 06:00:00,54.0,2021-03-26 23:00:00,2021/03/26/2300Z,22.9,280° @ 14
6463,2021-03-27 07:00:00,54.0,2021-03-27 00:00:00,2021/03/27/0000Z,23.7,270° @ 12
6464,2021-03-27 08:00:00,54.0,2021-03-27 01:00:00,2021/03/27/0100Z,26.8,255° @ 10
6465,2021-03-27 09:00:00,54.0,2021-03-27 02:00:00,2021/03/27/0200Z,30.1,255° @ 9
6466,2021-03-27 10:00:00,54.0,2021-03-27 03:00:00,2021/03/27/0300Z,33.2,255° @ 8
6467,2021-03-27 11:00:00,55.0,2021-03-27 04:00:00,2021/03/27/0400Z,35.4,260° @ 5
6468,2021-03-27 12:00:00,55.0,2021-03-27 05:00:00,2021/03/27/0500Z,37.1,270° @ 3
6469,2021-03-27 13:00:00,56.0,2021-03-27 06:00:00,2021/03/27/0600Z,38.4,250° @ 4
6470,2021-03-27 14:00:00,57.0,2021-03-27 07:00:00,2021/03/27/0700Z,38.5,195° @ 2
6471,2021-03-27 15:00:00,58.0,2021-03-27 08:00:00,2021/03/27/0800Z,38.1,170° @ 7
6472,2021-03-27 16:00:00,58.0,2021-03-27 09:00:00,2021/03/27/0900Z,37.7,180° @ 10
6473,2021-03-27 17:00:00,59.0,2021-03-27 10:00:00,2021/03/27/1000Z,37.1,200° @ 9
6474,2021-03-27 18:00:00,,2021-03-27 11:00:00,2021/03/27/1100Z,35.0,210° @ 11
6475,2021-03-27 19:00:00,60.0,2021-03-27 12:00:00,2021/03/27/1200Z,31.2,225° @ 7
6476,2021-03-27 20:00:00,60.0,2021-03-27 13:00:00,2021/03/27/1300Z,29.7,190° @ 8
6477,2021-03-27 21:00:00,61.0,2021-03-27 14:00:00,2021/03/27/1400Z,28.7,190° @ 12
6478,2021-03-27 22:00:00,62.0,2021-03-27 15:00:00,2021/03/27/1500Z,27.7,180° @ 23
6479,2021-03-27 23:00:00,63.0,2021-03-27 16:00:00,2021/03/27/1600Z,27.0,200° @ 27
6480,2021-03-28 00:00:00,63.0,2021-03-27 17:00:00,2021/03/27/1700Z,26.3,235° @ 23
6481,2021-03-28 01:00:00,64.0,2021-03-27 18:00:00,2021/03/27/1800Z,25.7,270° @ 21
6482,2021-03-28 02:00:00,,2021-03-27 19:00:00,2021/03/27/1900Z,25.1,285° @ 20
6483,2021-03-28 03:00:00,65.0,2021-03-27 20:00:00,2021/03/27/2000Z,24.4,300° @ 20
6484,2021-03-28 04:00:00,66.0,2021-03-27 21:00:00,2021/03/27/2100Z,23.9,295° @ 19
6485,2021-03-28 05:00:00,66.0,2021-03-27 22:00:00,2021/03/27/2200Z,23.5,285° @ 18
6486,2021-03-28 06:00:00,,2021-03-27 23:00:00,2021/03/27/2300Z,23.1,280° @ 18
6487,2021-03-28 07:00:00,67.0,2021-03-28 00:00:00,2021/03/28/0000Z,24.0,285° @ 17
6488,2021-03-28 08:00:00,66.0,2021-03-28 01:00:00,2021/03/28/0100Z,27.7,285° @ 14
6489,2021-03-28 09:00:00,67.0,2021-03-28 02:00:00,2021/03/28/0200Z,31.1,280° @ 12
6490,2021-03-28 10:00:00,67.0,2021-03-28 03:00:00,2021/03/28/0300Z,33.8,265° @ 9
6491,2021-03-28 11:00:00,68.0,2021-03-28 04:00:00,2021/03/28/0400Z,35.7,240° @ 7
6492,2021-03-28 12:00:00,69.0,2021-03-28 05:00:00,2021/03/28/0500Z,37.3,240° @ 7
6493,2021-03-28 13:00:00,69.0,2021-03-28 06:00:00,2021/03/28/0600Z,38.1,195° @ 11
6494,2021-03-28 14:00:00,69.0,2021-03-28 07:00:00,2021/03/28/0700Z,38.7,195° @ 15
6495,2021-03-28 15:00:00,69.0,2021-03-28 08:00:00,2021/03/28/0800Z,39.0,215° @ 16
6496,2021-03-28 16:00:00,69.0,2021-03-28 09:00:00,2021/03/28/0900Z,39.0,235° @ 22
6497,2021-03-28 17:00:00,69.0,2021-03-28 10:00:00,2021/03/28/1000Z,37.6,240° @ 23
6498,2021-03-28 18:00:00,68.0,2021-03-28 11:00:00,2021/03/28/1100Z,35.4,255° @ 25
6499,2021-03-28 19:00:00,68.0,2021-03-28 12:00:00,2021/03/28/1200Z,31.0,255° @ 25
6500,2021-03-28 20:00:00,,2021-03-28 13:00:00,2021/03/28/1300Z,29.2,265° @ 25
6501,2021-03-28 21:00:00,68.0,2021-03-28 14:00:00,2021/03/28/1400Z,27.7,270° @ 22
6502,2021-03-28 22:00:00,67.0,2021-03-28 15:00:00,2021/03/28/1500Z,26.7,250° @ 26
6503,2021-03-28 23:00:00,67.0,2021-03-28 16:00:00,2021/03/28/1600Z,26.0,240° @ 25
6504,2021-03-29 00:00:00,67.0,2021-03-28 17:00:00,2021/03/28/1700Z,25.2,240° @ 21
6505,2021-03-29 01:00:00,,2021-03-28 18:00:00,2021/03/28/1800Z,24.6,255° @ 24
6506,2021-03-29 02:00:00,66.0,2021-03-28 19:00:00,2021/03/28/1900Z,23.9,265° @ 27
6507,2021-03-29 03:00:00,,2021-03-28 20:00:00,2021/03/28/2000Z,23.3,265° @ 24
6508,2021-03-29 04:00:00,65.0,2021-03-28 21:00:00,2021/03/28/2100Z,22.7,265° @ 22
6509,2021-03-29 05:00:00,65.0,2021-03-28 22:00:00,2021/03/28/2200Z,22.2,265° @ 21
6510,2021-03-29 06:00:00,65.0,2021-03-28 23:00:00,2021/03/28/2300Z,21.8,270° @ 20
6511,2021-03-29 07:00:00,65.0,2021-03-29 00:00:00,2021/03/29/0000Z,22.7,270° @ 19
6512,2021-03-29 08:00:00,65.0,2021-03-29 01:00:00,2021/03/29/0100Z,26.6,255° @ 16
6513,2021-03-29 09:00:00,,2021-03-29 02:00:00,2021/03/29/0200Z,30.3,245° @ 16
6514,2021-03-29 10:00:00,65.0,2021-03-29 03:00:00,2021/03/29/0300Z,33.3,240° @ 16
6515,2021-03-29 11:00:00,64.0,2021-03-29 04:00:00,2021/03/29/0400Z,35.4,235° @ 14
6516,2021-03-29 12:00:00,65.0,2021-03-29 05:00:00,2021/03/29/0500Z,37.2,230° @ 14
6517,2021-03-29 13:00:00,65.0,2021-03-29 06:00:00,2021/03/29/0600Z,38.3,220° @ 15
6518,2021-03-29 14:00:00,,2021-03-29 07:00:00,2021/03/29/0700Z,39.1,215° @ 19
6519,2021-03-29 15:00:00,65.0,2021-03-29 08:00:00,2021/03/29/0800Z,39.2,225° @ 24
6520,2021-03-29 16:00:00,64.0,2021-03-29 09:00:00,2021/03/29/0900Z,38.8,235° @ 25
6521,2021-03-29 17:00:00,64.0,2021-03-29 10:00:00,2021/03/29/1000Z,37.7,240° @ 24
6522,2021-03-29 18:00:00,64.0,2021-03-29 11:00:00,2021/03/29/1100Z,35.5,255° @ 27
6523,2021-03-29 19:00:00,65.0,2021-03-29 12:00:00,2021/03/29/1200Z,31.5,270° @ 30
6524,2021-03-29 20:00:00,65.0,2021-03-29 13:00:00,2021/03/29/1300Z,29.7,270° @ 31
6525,2021-03-29 21:00:00,65.0,2021-03-29 14:00:00,2021/03/29/1400Z,28.3,265° @ 35
6526,2021-03-29 22:00:00,66.0,2021-03-29 15:00:00,2021/03/29/1500Z,27.4,270° @ 32
6527,2021-03-29 23:00:00,67.0,2021-03-29 16:00:00,2021/03/29/1600Z,26.3,270° @ 33
6528,2021-03-30 00:00:00,68.0,2021-03-29 17:00:00,2021/03/29/1700Z,25.4,270° @ 31
6529,2021-03-30 01:00:00,69.0,2021-03-29 18:00:00,2021/03/29/1800Z,25.1,280° @ 26
6530,2021-03-30 02:00:00,69.0,2021-03-29 19:00:00,2021/03/29/1900Z,24.4,280° @ 21
6531,2021-03-30 03:00:00,70.0,2021-03-29 20:00:00,2021/03/29/2000Z,23.5,280° @ 20
6532,2021-03-30 04:00:00,,2021-03-29 21:00:00,2021/03/29/2100Z,23.4,275° @ 21
6533,2021-03-30 05:00:00,72.0,2021-03-29 22:00:00,2021/03/29/2200Z,23.2,275° @ 20
6534,2021-03-30 06:00:00,73.0,2021-03-29 23:00:00,2021/03/29/2300Z,22.8,270° @ 18
6535,2021-03-30 07:00:00,74.0,2021-03-30 00:00:00,2021/03/30/0000Z,24.0,275° @ 18
6536,2021-03-30 08:00:00,76.0,2021-03-30 01:00:00,2021/03/30/0100Z,27.0,270° @ 18
6537,2021-03-30 09:00:00,77.0,2021-03-30 02:00:00,2021/03/30/0200Z,30.7,275° @ 18
6538,2021-03-30 10:00:00,,2021-03-30 03:00:00,2021/03/30/0300Z,33.5,275° @ 14
6539,2021-03-30 11:00:00,78.0,2021-03-30 04:00:00,2021/03/30/0400Z,35.3,270° @ 11
6540,2021-03-30 12:00:00,79.0,2021-03-30 05:00:00,2021/03/30/0500Z,36.9,250° @ 14
6541,2021-03-30 13:00:00,80.0,2021-03-30 06:00:00,2021/03/30/0600Z,37.5,245° @ 21
6542,2021-03-30 14:00:00,,2021-03-30 07:00:00,2021/03/30/0700Z,36.0,250° @ 25
6543,2021-03-30 15:00:00,81.0,2021-03-30 08:00:00,2021/03/30/0800Z,36.2,255° @ 28
6544,2021-03-30 16:00:00,82.0,2021-03-30 09:00:00,2021/03/30/0900Z,36.1,265° @ 31
6545,2021-03-30 17:00:00,83.0,2021-03-30 10:00:00,2021/03/30/1000Z,36.0,265° @ 31
6546,2021-03-30 18:00:00,84.0,2021-03-30 11:00:00,2021/03/30/1100Z,34.5,255° @ 31
6547,2021-03-30 19:00:00,84.0,2021-03-30 12:00:00,2021/03/30/1200Z,30.1,255° @ 33
6548,2021-03-30 20:00:00,85.0,2021-03-30 13:00:00,2021/03/30/1300Z,28.4,265° @ 36
6549,2021-03-30 21:00:00,86.0,2021-03-30 14:00:00,2021/03/30/1400Z,26.9,275° @ 36
6550,2021-03-30 22:00:00,87.0,2021-03-30 15:00:00,2021/03/30/1500Z,25.5,280° @ 35
6551,2021-03-30 23:00:00,87.0,2021-03-30 16:00:00,2021/03/30/1600Z,24.5,275° @ 35
6552,2021-03-31 00:00:00,,2021-03-30 17:00:00,2021/03/30/1700Z,23.7,270° @ 38
6553,2021-03-31 01:00:00,88.0,2021-03-30 18:00:00,2021/03/30/1800Z,23.4,265° @ 30
6554,2021-03-31 02:00:00,88.0,2021-03-30 19:00:00,2021/03/30/1900Z,23.0,270° @ 37
6555,2021-03-31 03:00:00,88.0,2021-03-30 20:00:00,2021/03/30/2000Z,22.6,270° @ 38
6556,2021-03-31 04:00:00,89.0,2021-03-30 21:00:00,2021/03/30/2100Z,22.1,280° @ 35
6557,2021-03-31 05:00:00,90.0,2021-03-30 22:00:00,2021/03/30/2200Z,21.7,275° @ 31
6558,2021-03-31 06:00:00,,2021-03-30 23:00:00,2021/03/30/2300Z,21.1,280° @ 26
6559,2021-03-31 07:00:00,92.0,2021-03-31 00:00:00,2021/03/31/0000Z,22.2,285° @ 22
6560,2021-03-31 08:00:00,92.0,2021-03-31 01:00:00,2021/03/31/0100Z,26.3,285° @ 22
6561,2021-03-31 09:00:00,93.0,2021-03-31 02:00:00,2021/03/31/0200Z,30.2,285° @ 21
6562,2021-03-31 10:00:00,93.0,2021-03-31 03:00:00,2021/03/31/0300Z,33.9,280° @ 17
6563,2021-03-31 11:00:00,94.0,2021-03-31 04:00:00,2021/03/31/0400Z,36.6,265° @ 12
6564,2021-03-31 12:00:00,95.0,2021-03-31 05:00:00,2021/03/31/0500Z,38.5,245° @ 8
6565,2021-03-31 13:00:00,94.0,2021-03-31 06:00:00,2021/03/31/0600Z,39.9,255° @ 7
6566,2021-03-31 14:00:00,94.0,2021-03-31 07:00:00,2021/03/31/0700Z,40.3,250° @ 7
6567,2021-03-31 15:00:00,94.0,2021-03-31 08:00:00,2021/03/31/0800Z,40.1,235° @ 7
6568,2021-03-31 16:00:00,,2021-03-31 09:00:00,2021/03/31/0900Z,39.2,225° @ 9
6569,2021-03-31 17:00:00,93.0,2021-03-31 10:00:00,2021/03/31/1000Z,38.3,235° @ 12
6570,2021-03-31 18:00:00,92.0,2021-03-31 11:00:00,2021/03/31/1100Z,35.6,245° @ 13
6571,2021-03-31 19:00:00,91.0,2021-03-31 12:00:00,2021/03/31/1200Z,30.3,255° @ 15
6572,2021-03-31 20:00:00,90.0,2021-03-31 13:00:00,2021/03/31/1300Z,28.5,265° @ 18
6573,2021-03-31 21:00:00,90.0,2021-03-31 14:00:00,2021/03/31/1400Z,27.2,280° @ 21
6574,2021-03-31 22:00:00,89.0,2021-03-31 15:00:00,2021/03/31/1500Z,26.3,280° @ 24
6575,2021-03-31 23:00:00,88.0,2021-03-31 16:00:00,2021/03/31/1600Z,25.5,290° @ 28
6576,2021-04-01 00:00:00,87.0,2021-03-31 17:00:00,2021/03/31/1700Z,24.6,285° @ 28
6577,2021-04-01 01:00:00,,2021-03-31 18:00:00,2021/03/31/1800Z,24.0,285° @ 23
6578,2021-04-01 02:00:00,86.0,2021-03-31 19:00:00,2021/03/31/1900Z,23.5,280° @ 22
6579,2021-04-01 03:00:00,85.0,2021-03-31 20:00:00,2021/03/31/2000Z,22.9,270° @ 21
6580,2021-04-01 04:00:00,84.0,2021-03-31 21:00:00,2021/03/31/2100Z,22.5,260° @ 20
6581,2021-04-01 05:00:00,,2021-03-31 22:00:00,2021/03/31/2200Z,21.8,270° @ 16
6582,2021-04-01 06:00:00,83.0,2021-03-31 23:00:00,2021/03/31/2300Z,21.4,275° @ 13
6583,2021-04-01 07:00:00,82.0,2021-04-01 00:00:00,2021/04/01/0000Z,22.8,275° @ 13
6584,2021-04-01 08:00:00,81.0,2021-04-01 01:00:00,2021/04/01/0100Z,26.7,285° @ 9
6585,2021-04-01 09:00:00,81.0,2021-04-01 02:00:00,2021/04/01/0200Z,30.4,295° @ 7
6586,2021-04-01 10:00:00,80.0,2021-04-01 03:00:00,2021/04/01/0300Z,33.5,300° @ 7
6587,2021-04-01 11:00:00,,2021-04-01 04:00:00,2021/04/01/0400Z,36.2,290° @ 6
6588,2021-04-01 12:00:00,,2021-04-01 05:00:00,2021/04/01/0500Z,38.2,255° @ 5
6589,2021-04-01 13:00:00,79.0,2021-04-01 06:00:00,2021/04/01/0600Z,38.8,255° @ 5
6590,2021-04-01 14:00:00,79.0,2021-04-01 07:00:00,2021/04/01/0700Z,39.2,185° @ 9
6591,2021-04-01 15:00:00,79.0,2021-04-01 08:00:00,2021/04/01/0800Z,39.2,180° @ 13
6592,2021-04-01 16:00:00,80.0,2021-04-01 09:00:00,2021/04/01/0900Z,38.8,180° @ 14
6593,2021-04-01 17:00:00,81.0,2021-04-01 10:00:00,2021/04/01/1000Z,37.9,180° @ 16
6594,2021-04-01 18:00:00,81.0,2021-04-01 11:00:00,2021/04/01/1100Z,35.6,180° @ 20
6595,2021-04-01 19:00:00,81.0,2021-04-01 12:00:00,2021/04/01/1200Z,31.7,215° @ 16
6596,2021-04-01 20:00:00,82.0,2021-04-01 13:00:00,2021/04/01/1300Z,29.8,230° @ 19
6597,2021-04-01 21:00:00,82.0,2021-04-01 14:00:00,2021/04/01/1400Z,29.1,220° @ 19
6598,2021-04-01 22:00:00,82.0,2021-04-01 15:00:00,2021/04/01/1500Z,28.6,225° @ 20
6599,2021-04-01 23:00:00,,2021-04-01 16:00:00,2021/04/01/1600Z,27.1,275° @ 21
6600,2021-04-02 00:00:00,82.0,2021-04-01 17:00:00,2021/04/01/1700Z,25.4,300° @ 30
6601,2021-04-02 01:00:00,82.0,2021-04-01 18:00:00,2021/04/01/1800Z,24.6,295° @ 25
6602,2021-04-02 02:00:00,82.0,2021-04-01 19:00:00,2021/04/01/1900Z,23.9,285° @ 23
6603,2021-04-02 03:00:00,82.0,2021-04-01 20:00:00,2021/04/01/2000Z,23.3,285° @ 22
6604,2021-04-02 04:00:00,,2021-04-01 21:00:00,2021/04/01/2100Z,22.9,290° @ 20
6605,2021-04-02 05:00:00,82.0,2021-04-01 22:00:00,2021/04/01/2200Z,22.4,290° @ 15
6606,2021-04-02 06:00:00,82.0,2021-04-01 23:00:00,2021/04/01/2300Z,22.1,285° @ 12
6607,2021-04-02 07:00:00,82.0,2021-04-02 00:00:00,2021/04/02/0000Z,23.4,285° @ 9
6608,2021-04-02 08:00:00,83.0,2021-04-02 01:00:00,2021/04/02/0100Z,27.3,290° @ 7
6609,2021-04-02 09:00:00,85.0,2021-04-02 02:00:00,2021/04/02/0200Z,31.0,300° @ 5
6610,2021-04-02 10:00:00,88.0,2021-04-02 03:00:00,2021/04/02/0300Z,34.2,295° @ 2
6611,2021-04-02 11:00:00,91.0,2021-04-02 04:00:00,2021/04/02/0400Z,36.7,170° @ 2
6612,2021-04-02 12:00:00,,2021-04-02 05:00:00,2021/04/02/0500Z,38.0,175° @ 7
6613,2021-04-02 13:00:00,93.0,2021-04-02 06:00:00,2021/04/02/0600Z,38.6,180° @ 9
6614,2021-04-02 14:00:00,94.0,2021-04-02 07:00:00,2021/04/02/0700Z,38.8,165° @ 11
6615,2021-04-02 15:00:00,,2021-04-02 08:00:00,2021/04/02/0800Z,38.4,165° @ 16
6616,2021-04-02 16:00:00,96.0,2021-04-02 09:00:00,2021/04/02/0900Z,37.0,185° @ 14
6617,2021-04-02 17:00:00,96.0,2021-04-02 10:00:00,2021/04/02/1000Z,34.4,200° @ 12
6618,2021-04-02 18:00:00,96.0,2021-04-02 11:00:00,2021/04/02/1100Z,32.3,200° @ 17
6619,2021-04-02 19:00:00,96.0,2021-04-02 12:00:00,2021/04/02/1200Z,31.2,195° @ 21
6620,2021-04-02 20:00:00,97.0,2021-04-02 13:00:00,2021/04/02/1300Z,30.0,195° @ 22
6621,2021-04-02 21:00:00,97.0,2021-04-02 14:00:00,2021/04/02/1400Z,28.0,205° @ 22
6622,2021-04-02 22:00:00,97.0,2021-04-02 15:00:00,2021/04/02/1500Z,27.1,205° @ 20
6623,2021-04-02 23:00:00,,2021-04-02 16:00:00,2021/04/02/1600Z,26.5,215° @ 18
6624,2021-04-03 00:00:00,98.0,2021-04-02 17:00:00,2021/04/02/1700Z,26.1,235° @ 16
6625,2021-04-03 01:00:00,98.0,2021-04-02 18:00:00,2021/04/02/1800Z,26.1,235° @ 12
6626,2021-04-03 02:00:00,,2021-04-02 19:00:00,2021/04/02/1900Z,25.5,245° @ 10
6627,2021-04-03 03:00:00,100.0,2021-04-02 20:00:00,2021/04/02/2000Z,25.2,265° @ 10
6628,2021-04-03 04:00:00,100.0,2021-04-02 21:00:00,2021/04/02/2100Z,25.5,280° @ 6
6629,2021-04-03 05:00:00,100.0,2021-04-02 22:00:00,2021/04/02/2200Z,24.2,305° @ 3
6630,2021-04-03 06:00:00,99.0,2021-04-02 23:00:00,2021/04/02/2300Z,23.7,130° @ 2
6631,2021-04-03 07:00:00,99.0,2021-04-03 00:00:00,2021/04/03/0000Z,25.0,120° @ 4
6632,2021-04-03 08:00:00,98.0,2021-04-03 01:00:00,2021/04/03/0100Z,27.6,120° @ 4
6633,2021-04-03 09:00:00,98.0,2021-04-03 02:00:00,2021/04/03/0200Z,31.2,150° @ 10
6634,2021-04-03 10:00:00,,2021-04-03 03:00:00,2021/04/03/0300Z,32.1,150° @ 10
6635,2021-04-03 11:00:00,95.0,2021-04-03 04:00:00,2021/04/03/0400Z,32.0,150° @ 10
6636,2021-04-03 12:00:00,96.0,2021-04-03 05:00:00,2021/04/03/0500Z,34.6,140° @ 7
6637,2021-04-03 13:00:00,96.0,2021-04-03 06:00:00,2021/04/03/0600Z,34.1,190° @ 4
6638,2021-04-03 14:00:00,96.0,2021-04-03 07:00:00,2021/04/03/0700Z,33.1,190° @ 4
6639,2021-04-03 15:00:00,96.0,2021-04-03 08:00:00,2021/04/03/0800Z,34.1,320° @ 5
6640,2021-04-03 16:00:00,97.0,2021-04-03 09:00:00,2021/04/03/0900Z,31.2,30° @ 6
6641,2021-04-03 17:00:00,98.0,2021-04-03 10:00:00,2021/04/03/1000Z,27.7,310° @ 15
6642,2021-04-03 18:00:00,101.0,2021-04-03 11:00:00,2021/04/03/1100Z,24.8,330° @ 24
6643,2021-04-03 19:00:00,102.0,2021-04-03 12:00:00,2021/04/03/1200Z,25.0,345° @ 23
6644,2021-04-03 20:00:00,102.0,2021-04-03 13:00:00,2021/04/03/1300Z,24.0,10° @ 23
6645,2021-04-03 21:00:00,,2021-04-03 14:00:00,2021/04/03/1400Z,23.5,15° @ 24
6646,2021-04-03 22:00:00,102.0,2021-04-03 15:00:00,2021/04/03/1500Z,23.6,10° @ 23
6647,2021-04-03 23:00:00,101.0,2021-04-03 16:00:00,2021/04/03/1600Z,23.4,15° @ 26
6648,2021-04-04 00:00:00,101.0,2021-04-03 17:00:00,2021/04/03/1700Z,22.7,25° @ 24
6649,2021-04-04 01:00:00,,2021-04-03 18:00:00,2021/04/03/1800Z,22.3,30° @ 18
6650,2021-04-04 02:00:00,102.0,2021-04-03 19:00:00,2021/04/03/1900Z,21.7,35° @ 16
6651,2021-04-04 03:00:00,,2021-04-03 20:00:00,2021/04/03/2000Z,21.5,40° @ 11
6652,2021-04-04 04:00:00,106.0,2021-04-03 21:00:00,2021/04/03/2100Z,21.6,25° @ 11
6653,2021-04-04 05:00:00,,2021-04-03 22:00:00,2021/04/03/2200Z,21.6,20° @ 9
6654,2021-04-04 06:00:00,107.0,2021-04-03 23:00:00,2021/04/03/2300Z,20.6,10° @ 9
6655,2021-04-04 07:00:00,107.0,2021-04-04 00:00:00,2021/04/04/0000Z,21.5,5° @ 9
6656,2021-04-04 08:00:00,,2021-04-04 01:00:00,2021/04/04/0100Z,24.3,25° @ 6
6657,2021-04-04 09:00:00,106.0,2021-04-04 02:00:00,2021/04/04/0200Z,27.9,45° @ 5
6658,2021-04-04 10:00:00,104.0,2021-04-04 03:00:00,2021/04/04/0300Z,30.8,80° @ 4
6659,2021-04-04 11:00:00,101.0,2021-04-04 04:00:00,2021/04/04/0400Z,31.1,110° @ 6
6660,2021-04-04 12:00:00,,2021-04-04 05:00:00,2021/04/04/0500Z,28.8,140° @ 10
6661,2021-04-04 13:00:00,94.0,2021-04-04 06:00:00,2021/04/04/0600Z,24.1,150° @ 5
6662,2021-04-04 14:00:00,92.0,2021-04-04 07:00:00,2021/04/04/0700Z,22.9,90° @ 2
6663,2021-04-04 15:00:00,90.0,2021-04-04 08:00:00,2021/04/04/0800Z,22.5,35° @ 5
6664,2021-04-04 16:00:00,89.0,2021-04-04 09:00:00,2021/04/04/0900Z,22.2,35° @ 5
6665,2021-04-04 17:00:00,87.0,2021-04-04 10:00:00,2021/04/04/1000Z,23.5,25° @ 14
6666,2021-04-04 18:00:00,,2021-04-04 11:00:00,2021/04/04/1100Z,22.6,20° @ 19
6667,2021-04-04 19:00:00,83.0,2021-04-04 12:00:00,2021/04/04/1200Z,21.5,25° @ 23
6668,2021-04-04 20:00:00,84.0,2021-04-04 13:00:00,2021/04/04/1300Z,21.3,30° @ 25
6669,2021-04-04 21:00:00,84.0,2021-04-04 14:00:00,2021/04/04/1400Z,21.2,40° @ 25
6670,2021-04-04 22:00:00,84.0,2021-04-04 15:00:00,2021/04/04/1500Z,20.9,45° @ 22
6671,2021-04-04 23:00:00,,2021-04-04 16:00:00,2021/04/04/1600Z,20.7,45° @ 22
6672,2021-04-05 00:00:00,86.0,2021-04-04 17:00:00,2021/04/04/1700Z,20.6,70° @ 14
6673,2021-04-05 01:00:00,86.0,2021-04-04 18:00:00,2021/04/04/1800Z,20.5,70° @ 13
6674,2021-04-05 02:00:00,84.0,2021-04-04 19:00:00,2021/04/04/1900Z,20.1,55° @ 12
6675,2021-04-05 03:00:00,82.0,2021-04-04 20:00:00,2021/04/04/2000Z,20.0,50° @ 12
6676,2021-04-05 04:00:00,80.0,2021-04-04 21:00:00,2021/04/04/2100Z,20.1,50° @ 13
6677,2021-04-05 05:00:00,79.0,2021-04-04 22:00:00,2021/04/04/2200Z,20.2,40° @ 13
6678,2021-04-05 06:00:00,79.0,2021-04-04 23:00:00,2021/04/04/2300Z,20.4,55° @ 13
6679,2021-04-05 07:00:00,78.0,2021-04-05 00:00:00,2021/04/05/0000Z,20.8,70° @ 10
6680,2021-04-05 08:00:00,77.0,2021-04-05 01:00:00,2021/04/05/0100Z,21.2,80° @ 9
6681,2021-04-05 09:00:00,77.0,2021-04-05 02:00:00,2021/04/05/0200Z,22.1,100° @ 10
6682,2021-04-05 10:00:00,77.0,2021-04-05 03:00:00,2021/04/05/0300Z,23.7,115° @ 8
6683,2021-04-05 11:00:00,77.0,2021-04-05 04:00:00,2021/04/05/0400Z,27.1,125° @ 7
6684,2021-04-05 12:00:00,78.0,2021-04-05 05:00:00,2021/04/05/0500Z,27.6,135° @ 6
6685,2021-04-05 13:00:00,79.0,2021-04-05 06:00:00,2021/04/05/0600Z,28.7,150° @ 8
6686,2021-04-05 14:00:00,80.0,2021-04-05 07:00:00,2021/04/05/0700Z,27.2,145° @ 9
6687,2021-04-05 15:00:00,80.0,2021-04-05 08:00:00,2021/04/05/0800Z,26.5,140° @ 10
6688,2021-04-05 16:00:00,,2021-04-05 09:00:00,2021/04/05/0900Z,24.5,140° @ 13
6689,2021-04-05 17:00:00,77.0,2021-04-05 10:00:00,2021/04/05/1000Z,24.0,135° @ 12
6690,2021-04-05 18:00:00,76.0,2021-04-05 11:00:00,2021/04/05/1100Z,23.4,140° @ 13
6691,2021-04-05 19:00:00,75.0,2021-04-05 12:00:00,2021/04/05/1200Z,22.2,140° @ 13
6692,2021-04-05 20:00:00,75.0,2021-04-05 13:00:00,2021/04/05/1300Z,21.9,115° @ 10
6693,2021-04-05 21:00:00,,2021-04-05 14:00:00,2021/04/05/1400Z,21.8,80° @ 11
6694,2021-04-05 22:00:00,76.0,2021-04-05 15:00:00,2021/04/05/1500Z,21.6,80° @ 11
6695,2021-04-05 23:00:00,75.0,2021-04-05 16:00:00,2021/04/05/1600Z,21.1,55° @ 15
6696,2021-04-06 00:00:00,,2021-04-05 17:00:00,2021/04/05/1700Z,20.2,55° @ 15
6697,2021-04-06 01:00:00,72.0,2021-04-05 18:00:00,2021/04/05/1800Z,19.6,40° @ 14
6698,2021-04-06 02:00:00,70.0,2021-04-05 19:00:00,2021/04/05/1900Z,19.3,40° @ 14
6699,2021-04-06 03:00:00,68.0,2021-04-05 20:00:00,2021/04/05/2000Z,19.0,335° @ 10
6700,2021-04-06 04:00:00,65.0,2021-04-05 21:00:00,2021/04/05/2100Z,18.8,360° @ 10
6701,2021-04-06 05:00:00,62.0,2021-04-05 22:00:00,2021/04/05/2200Z,18.7,360° @ 14
6702,2021-04-06 06:00:00,59.0,2021-04-05 23:00:00,2021/04/05/2300Z,18.5,0° @ 12
6703,2021-04-06 07:00:00,56.0,2021-04-06 00:00:00,2021/04/06/0000Z,18.7,320° @ 4
6704,2021-04-06 08:00:00,54.0,2021-04-06 01:00:00,2021/04/06/0100Z,19.2,345° @ 2
6705,2021-04-06 09:00:00,,2021-04-06 02:00:00,2021/04/06/0200Z,20.0,30° @ 2
6706,2021-04-06 10:00:00,48.0,2021-04-06 03:00:00,2021/04/06/0300Z,20.5,35° @ 1
6707,2021-04-06 11:00:00,45.0,2021-04-06 04:00:00,2021/04/06/0400Z,20.7,65° @ 2
6708,2021-04-06 12:00:00,,2021-04-06 05:00:00,2021/04/06/0500Z,20.3,70° @ 2
6709,2021-04-06 13:00:00,40.0,2021-04-06 06:00:00,2021/04/06/0600Z,21.5,25° @ 6
6710,2021-04-06 14:00:00,,2021-04-06 07:00:00,2021/04/06/0700Z,22.9,15° @ 8
6711,2021-04-06 15:00:00,35.0,2021-04-06 08:00:00,2021/04/06/0800Z,23.3,15° @ 9
6712,2021-04-06 16:00:00,,2021-04-06 09:00:00,2021/04/06/0900Z,23.0,20° @ 11
6713,2021-04-06 17:00:00,32.0,2021-04-06 10:00:00,2021/04/06/1000Z,22.4,30° @ 11
6714,2021-04-06 18:00:00,30.0,2021-04-06 11:00:00,2021/04/06/1100Z,21.5,30° @ 11
6715,2021-04-06 19:00:00,28.0,2021-04-06 12:00:00,2021/04/06/1200Z,20.4,20° @ 12
6716,2021-04-06 20:00:00,26.0,2021-04-06 13:00:00,2021/04/06/1300Z,20.2,15° @ 13
6717,2021-04-06 21:00:00,23.0,2021-04-06 14:00:00,2021/04/06/1400Z,20.0,10° @ 13
6718,2021-04-06 22:00:00,20.0,2021-04-06 15:00:00,2021/04/06/1500Z,19.9,25° @ 12
6719,2021-04-06 23:00:00,18.0,2021-04-06 16:00:00,2021/04/06/1600Z,19.2,40° @ 11
6720,2021-04-07 00:00:00,17.0,2021-04-06 17:00:00,2021/04/06/1700Z,18.7,50° @ 8
6721,2021-04-07 01:00:00,17.0,2021-04-06 18:00:00,2021/04/06/1800Z,18.3,60° @ 6
6722,2021-04-07 02:00:00,,2021-04-06 19:00:00,2021/04/06/1900Z,18.1,50° @ 3
6723,2021-04-07 03:00:00,16.0,2021-04-06 20:00:00,2021/04/06/2000Z,17.8,55° @ 2
6724,2021-04-07 04:00:00,16.0,2021-04-06 21:00:00,2021/04/06/2100Z,17.6,55° @ 2
6725,2021-04-07 05:00:00,,2021-04-06 22:00:00,2021/04/06/2200Z,17.5,330° @ 1
6726,2021-04-07 06:00:00,17.0,2021-04-06 23:00:00,2021/04/06/2300Z,17.3,320° @ 3
6727,2021-04-07 07:00:00,17.0,2021-04-07 00:00:00,2021/04/07/0000Z,18.2,320° @ 2
6728,2021-04-07 08:00:00,17.0,2021-04-07 01:00:00,2021/04/07/0100Z,20.7,315° @ 2
6729,2021-04-07 09:00:00,17.0,2021-04-07 02:00:00,2021/04/07/0200Z,23.3,305° @ 3
6730,2021-04-07 10:00:00,17.0,2021-04-07 03:00:00,2021/04/07/0300Z,26.1,285° @ 2
6731,2021-04-07 11:00:00,,2021-04-07 04:00:00,2021/04/07/0400Z,28.4,300° @ 3
6732,2021-04-07 12:00:00,17.0,2021-04-07 05:00:00,2021/04/07/0500Z,30.1,295° @ 2
6733,2021-04-07 13:00:00,,2021-04-07 06:00:00,2021/04/07/0600Z,31.1,290° @ 3
6734,2021-04-07 14:00:00,18.0,2021-04-07 07:00:00,2021/04/07/0700Z,31.6,280° @ 4
6735,2021-04-07 15:00:00,18.0,2021-04-07 08:00:00,2021/04/07/0800Z,31.7,270° @ 5
6736,2021-04-07 16:00:00,18.0,2021-04-07 09:00:00,2021/04/07/0900Z,31.4,265° @ 5
6737,2021-04-07 17:00:00,18.0,2021-04-07 10:00:00,2021/04/07/1000Z,30.0,240° @ 5
6738,2021-04-07 18:00:00,,2021-04-07 11:00:00,2021/04/07/1100Z,28.2,205° @ 2
6739,2021-04-07 19:00:00,18.0,2021-04-07 12:00:00,2021/04/07/1200Z,26.1,175° @ 1
6740,2021-04-07 20:00:00,18.0,2021-04-07 13:00:00,2021/04/07/1300Z,25.4,210° @ 2
6741,2021-04-07 21:00:00,18.0,2021-04-07 14:00:00,2021/04/07/1400Z,25.2,225° @ 4
6742,2021-04-07 22:00:00,18.0,2021-04-07 15:00:00,2021/04/07/1500Z,24.5,215° @ 6
6743,2021-04-07 23:00:00,19.0,2021-04-07 16:00:00,2021/04/07/1600Z,23.7,210° @ 8
6744,2021-04-08 00:00:00,,2021-04-07 17:00:00,2021/04/07/1700Z,23.2,210° @ 10
6745,2021-04-08 01:00:00,19.0,2021-04-07 18:00:00,2021/04/07/1800Z,22.8,220° @ 13
6746,2021-04-08 02:00:00,19.0,2021-04-07 19:00:00,2021/04/07/1900Z,22.9,230° @ 13
6747,2021-04-08 03:00:00,19.0,2021-04-07 20:00:00,2021/04/07/2000Z,22.6,245° @ 15
6748,2021-04-08 04:00:00,19.0,2021-04-07 21:00:00,2021/04/07/2100Z,22.2,255° @ 18
6749,2021-04-08 05:00:00,,2021-04-07 22:00:00,2021/04/07/2200Z,21.6,265° @ 17
6750,2021-04-08 06:00:00,18.0,2021-04-07 23:00:00,2021/04/07/2300Z,21.0,265° @ 15
6751,2021-04-08 07:00:00,18.0,2021-04-08 00:00:00,2021/04/08/0000Z,22.1,270° @ 13
6752,2021-04-08 08:00:00,18.0,2021-04-08 01:00:00,2021/04/08/0100Z,24.8,275° @ 12
6753,2021-04-08 09:00:00,,2021-04-08 02:00:00,2021/04/08/0200Z,27.6,275° @ 10
6754,2021-04-08 10:00:00,18.0,2021-04-08 03:00:00,2021/04/08/0300Z,29.9,275° @ 10
6755,2021-04-08 11:00:00,19.0,2021-04-08 04:00:00,2021/04/08/0400Z,32.0,270° @ 6
6756,2021-04-08 12:00:00,19.0,2021-04-08 05:00:00,2021/04/08/0500Z,33.4,260° @ 5
6757,2021-04-08 13:00:00,19.0,2021-04-08 06:00:00,2021/04/08/0600Z,34.1,240° @ 3
6758,2021-04-08 14:00:00,19.0,2021-04-08 07:00:00,2021/04/08/0700Z,34.3,210° @ 5
6759,2021-04-08 15:00:00,19.0,2021-04-08 08:00:00,2021/04/08/0800Z,33.8,220° @ 6
6760,2021-04-08 16:00:00,19.0,2021-04-08 09:00:00,2021/04/08/0900Z,32.7,230° @ 8
6761,2021-04-08 17:00:00,19.0,2021-04-08 10:00:00,2021/04/08/1000Z,31.2,240° @ 7
6762,2021-04-08 18:00:00,20.0,2021-04-08 11:00:00,2021/04/08/1100Z,30.1,260° @ 6
6763,2021-04-08 19:00:00,20.0,2021-04-08 12:00:00,2021/04/08/1200Z,27.3,230° @ 5
6764,2021-04-08 20:00:00,,2021-04-08 13:00:00,2021/04/08/1300Z,26.4,195° @ 3
6765,2021-04-08 21:00:00,20.0,2021-04-08 14:00:00,2021/04/08/1400Z,25.7,255° @ 3
6766,2021-04-08 22:00:00,21.0,2021-04-08 15:00:00,2021/04/08/1500Z,25.5,255° @ 3
6767,2021-04-08 23:00:00,,2021-04-08 16:00:00,2021/04/08/1600Z,25.5,240° @ 5
6768,2021-04-09 00:00:00,21.0,2021-04-08 17:00:00,2021/04/08/1700Z,25.4,240° @ 7
6769,2021-04-09 01:00:00,,2021-04-08 18:00:00,2021/04/08/1800Z,24.2,235° @ 14
6770,2021-04-09 02:00:00,22.0,2021-04-08 19:00:00,2021/04/08/1900Z,23.4,250° @ 14
6771,2021-04-09 03:00:00,22.0,2021-04-08 20:00:00,2021/04/08/2000Z,22.9,265° @ 14
6772,2021-04-09 04:00:00,22.0,2021-04-08 21:00:00,2021/04/08/2100Z,22.6,275° @ 14
6773,2021-04-09 05:00:00,,2021-04-08 22:00:00,2021/04/08/2200Z,22.2,275° @ 12
6774,2021-04-09 06:00:00,23.0,2021-04-08 23:00:00,2021/04/08/2300Z,21.9,275° @ 12
6775,2021-04-09 07:00:00,23.0,2021-04-09 00:00:00,2021/04/09/0000Z,23.1,280° @ 6
6776,2021-04-09 08:00:00,,2021-04-09 01:00:00,2021/04/09/0100Z,26.0,280° @ 5
6777,2021-04-09 09:00:00,24.0,2021-04-09 02:00:00,2021/04/09/0200Z,28.9,280° @ 4
6778,2021-04-09 10:00:00,24.0,2021-04-09 03:00:00,2021/04/09/0300Z,31.7,280° @ 4
6779,2021-04-09 11:00:00,24.0,2021-04-09 04:00:00,2021/04/09/0400Z,33.6,245° @ 2
6780,2021-04-09 12:00:00,25.0,2021-04-09 05:00:00,2021/04/09/0500Z,35.1,180° @ 1
6781,2021-04-09 13:00:00,,2021-04-09 06:00:00,2021/04/09/0600Z,35.6,120° @ 1
6782,2021-04-09 14:00:00,25.0,2021-04-09 07:00:00,2021/04/09/0700Z,35.9,85° @ 0
6783,2021-04-09 15:00:00,26.0,2021-04-09 08:00:00,2021/04/09/0800Z,36.0,135° @ 1
6784,2021-04-09 16:00:00,26.0,2021-04-09 09:00:00,2021/04/09/0900Z,33.7,230° @ 6
6785,2021-04-09 17:00:00,26.0,2021-04-09 10:00:00,2021/04/09/1000Z,29.8,210° @ 8
6786,2021-04-09 18:00:00,27.0,2021-04-09 11:00:00,2021/04/09/1100Z,28.9,185° @ 7
6787,2021-04-09 19:00:00,27.0,2021-04-09 12:00:00,2021/04/09/1200Z,28.1,185° @ 7
6788,2021-04-09 20:00:00,28.0,2021-04-09 13:00:00,2021/04/09/1300Z,27.1,180° @ 10
6789,2021-04-09 21:00:00,28.0,2021-04-09 14:00:00,2021/04/09/1400Z,26.9,195° @ 12
6790,2021-04-09 22:00:00,28.0,2021-04-09 15:00:00,2021/04/09/1500Z,26.3,205° @ 14
6791,2021-04-09 23:00:00,28.0,2021-04-09 16:00:00,2021/04/09/1600Z,25.8,205° @ 17
6792,2021-04-10 00:00:00,28.0,2021-04-09 17:00:00,2021/04/09/1700Z,25.2,200° @ 18
6793,2021-04-10 01:00:00,28.0,2021-04-09 18:00:00,2021/04/09/1800Z,24.4,195° @ 18
6794,2021-04-10 02:00:00,28.0,2021-04-09 19:00:00,2021/04/09/1900Z,23.9,195° @ 16
6795,2021-04-10 03:00:00,28.0,2021-04-09 20:00:00,2021/04/09/2000Z,23.5,205° @ 13
6796,2021-04-10 04:00:00,28.0,2021-04-09 21:00:00,2021/04/09/2100Z,23.2,215° @ 11
6797,2021-04-10 05:00:00,,2021-04-09 22:00:00,2021/04/09/2200Z,22.8,215° @ 9
6798,2021-04-10 06:00:00,28.0,2021-04-09 23:00:00,2021/04/09/2300Z,22.6,210° @ 7
6799,2021-04-10 07:00:00,28.0,2021-04-10 00:00:00,2021/04/10/0000Z,23.8,210° @ 7
6800,2021-04-10 08:00:00,28.0,2021-04-10 01:00:00,2021/04/10/0100Z,26.7,185° @ 5
6801,2021-04-10 09:00:00,29.0,2021-04-10 02:00:00,2021/04/10/0200Z,29.5,175° @ 6
6802,2021-04-10 10:00:00,29.0,2021-04-10 03:00:00,2021/04/10/0300Z,31.8,165° @ 9
6803,2021-04-10 11:00:00,29.0,2021-04-10 04:00:00,2021/04/10/0400Z,33.7,165° @ 8
6804,2021-04-10 12:00:00,28.0,2021-04-10 05:00:00,2021/04/10/0500Z,34.9,165° @ 8
6805,2021-04-10 13:00:00,28.0,2021-04-10 06:00:00,2021/04/10/0600Z,35.7,165° @ 6
6806,2021-04-10 14:00:00,,2021-04-10 07:00:00,2021/04/10/0700Z,35.4,170° @ 5
6807,2021-04-10 15:00:00,28.0,2021-04-10 08:00:00,2021/04/10/0800Z,35.0,155° @ 8
6808,2021-04-10 16:00:00,27.0,2021-04-10 09:00:00,2021/04/10/0900Z,32.7,140° @ 13
6809,2021-04-10 17:00:00,27.0,2021-04-10 10:00:00,2021/04/10/1000Z,30.7,165° @ 16
6810,2021-04-10 18:00:00,27.0,2021-04-10 11:00:00,2021/04/10/1100Z,28.7,170° @ 20
6811,2021-04-10 19:00:00,26.0,2021-04-10 12:00:00,2021/04/10/1200Z,26.9,175° @ 18
6812,2021-04-10 20:00:00,26.0,2021-04-10 13:00:00,2021/04/10/1300Z,26.1,160° @ 19
6813,2021-04-10 21:00:00,26.0,2021-04-10 14:00:00,2021/04/10/1400Z,25.3,180° @ 27
6814,2021-04-10 22:00:00,26.0,2021-04-10 15:00:00,2021/04/10/1500Z,24.4,195° @ 20
6815,2021-04-10 23:00:00,26.0,2021-04-10 16:00:00,2021/04/10/1600Z,24.0,190° @ 18
6816,2021-04-11 00:00:00,25.0,2021-04-10 17:00:00,2021/04/10/1700Z,23.8,185° @ 19
6817,2021-04-11 01:00:00,25.0,2021-04-10 18:00:00,2021/04/10/1800Z,23.2,190° @ 16
6818,2021-04-11 02:00:00,24.0,2021-04-10 19:00:00,2021/04/10/1900Z,23.1,200° @ 15
6819,2021-04-11 03:00:00,23.0,2021-04-10 20:00:00,2021/04/10/2000Z,22.9,210° @ 12
6820,2021-04-11 04:00:00,23.0,2021-04-10 21:00:00,2021/04/10/2100Z,22.8,210° @ 11
6821,2021-04-11 05:00:00,23.0,2021-04-10 22:00:00,2021/04/10/2200Z,22.8,200° @ 13
6822,2021-04-11 06:00:00,,2021-04-10 23:00:00,2021/04/10/2300Z,22.4,195° @ 13
6823,2021-04-11 07:00:00,22.0,2021-04-11 00:00:00,2021/04/11/0000Z,23.0,195° @ 12
6824,2021-04-11 08:00:00,22.0,2021-04-11 01:00:00,2021/04/11/0100Z,25.4,190° @ 13
6825,2021-04-11 09:00:00,21.0,2021-04-11 02:00:00,2021/04/11/0200Z,28.5,190° @ 13
6826,2021-04-11 10:00:00,,2021-04-11 03:00:00,2021/04/11/0300Z,31.0,190° @ 14
6827,2021-04-11 11:00:00,20.0,2021-04-11 04:00:00,2021/04/11/0400Z,32.8,190° @ 14
6828,2021-04-11 12:00:00,20.0,2021-04-11 05:00:00,2021/04/11/0500Z,34.1,185° @ 12
6829,2021-04-11 13:00:00,20.0,2021-04-11 06:00:00,2021/04/11/0600Z,34.7,190° @ 11
6830,2021-04-11 14:00:00,20.0,2021-04-11 07:00:00,2021/04/11/0700Z,34.7,185° @ 11
6831,2021-04-11 15:00:00,,2021-04-11 08:00:00,2021/04/11/0800Z,33.4,185° @ 13
6832,2021-04-11 16:00:00,20.0,2021-04-11 09:00:00,2021/04/11/0900Z,32.3,185° @ 14
6833,2021-04-11 17:00:00,21.0,2021-04-11 10:00:00,2021/04/11/1000Z,30.7,185° @ 14
6834,2021-04-11 18:00:00,21.0,2021-04-11 11:00:00,2021/04/11/1100Z,28.3,190° @ 22
6835,2021-04-11 19:00:00,21.0,2021-04-11 12:00:00,2021/04/11/1200Z,26.3,205° @ 15
6836,2021-04-11 20:00:00,21.0,2021-04-11 13:00:00,2021/04/11/1300Z,25.1,205° @ 15
6837,2021-04-11 21:00:00,,2021-04-11 14:00:00,2021/04/11/1400Z,24.9,205° @ 15
6838,2021-04-11 22:00:00,,2021-04-11 15:00:00,2021/04/11/1500Z,25.0,195° @ 10
6839,2021-04-11 23:00:00,20.0,2021-04-11 16:00:00,2021/04/11/1600Z,24.3,180° @ 13
6840,2021-04-12 00:00:00,20.0,2021-04-11 17:00:00,2021/04/11/1700Z,23.9,180° @ 15
6841,2021-04-12 01:00:00,21.0,2021-04-11 18:00:00,2021/04/11/1800Z,23.3,185° @ 17
6842,2021-04-12 02:00:00,21.0,2021-04-11 19:00:00,2021/04/11/1900Z,23.0,200° @ 17
6843,2021-04-12 03:00:00,21.0,2021-04-11 20:00:00,2021/04/11/2000Z,22.8,210° @ 15
6844,2021-04-12 04:00:00,,2021-04-11 21:00:00,2021/04/11/2100Z,22.6,220° @ 13
6845,2021-04-12 05:00:00,20.0,2021-04-11 22:00:00,2021/04/11/2200Z,22.5,225° @ 11
6846,2021-04-12 06:00:00,20.0,2021-04-11 23:00:00,2021/04/11/2300Z,22.3,225° @ 9
6847,2021-04-12 07:00:00,20.0,2021-04-12 00:00:00,2021/04/12/0000Z,23.3,225° @ 7
6848,2021-04-12 08:00:00,20.0,2021-04-12 01:00:00,2021/04/12/0100Z,25.6,220° @ 7
6849,2021-04-12 09:00:00,20.0,2021-04-12 02:00:00,2021/04/12/0200Z,28.5,205° @ 7
6850,2021-04-12 10:00:00,20.0,2021-04-12 03:00:00,2021/04/12/0300Z,31.2,200° @ 8
6851,2021-04-12 11:00:00,20.0,2021-04-12 04:00:00,2021/04/12/0400Z,33.2,200° @ 7
6852,2021-04-12 12:00:00,21.0,2021-04-12 05:00:00,2021/04/12/0500Z,34.4,190° @ 6
6853,2021-04-12 13:00:00,21.0,2021-04-12 06:00:00,2021/04/12/0600Z,35.5,175° @ 4
6854,2021-04-12 14:00:00,,2021-04-12 07:00:00,2021/04/12/0700Z,35.8,165° @ 4
6855,2021-04-12 15:00:00,21.0,2021-04-12 08:00:00,2021/04/12/0800Z,35.7,165° @ 6
6856,2021-04-12 16:00:00,22.0,2021-04-12 09:00:00,2021/04/12/0900Z,35.0,145° @ 5
6857,2021-04-12 17:00:00,22.0,2021-04-12 10:00:00,2021/04/12/1000Z,33.9,190° @ 7
6858,2021-04-12 18:00:00,,2021-04-12 11:00:00,2021/04/12/1100Z,30.3,200° @ 10
6859,2021-04-12 19:00:00,22.0,2021-04-12 12:00:00,2021/04/12/1200Z,27.2,255° @ 3
6860,2021-04-12 20:00:00,22.0,2021-04-12 13:00:00,2021/04/12/1300Z,25.5,230° @ 11
6861,2021-04-12 21:00:00,22.0,2021-04-12 14:00:00,2021/04/12/1400Z,24.8,245° @ 9
6862,2021-04-12 22:00:00,22.0,2021-04-12 15:00:00,2021/04/12/1500Z,24.4,200° @ 10
6863,2021-04-12 23:00:00,23.0,2021-04-12 16:00:00,2021/04/12/1600Z,24.0,210° @ 14
6864,2021-04-13 00:00:00,23.0,2021-04-12 17:00:00,2021/04/12/1700Z,23.8,210° @ 16
6865,2021-04-13 01:00:00,23.0,2021-04-12 18:00:00,2021/04/12/1800Z,23.3,215° @ 15
6866,2021-04-13 02:00:00,23.0,2021-04-12 19:00:00,2021/04/12/1900Z,22.9,215° @ 13
6867,2021-04-13 03:00:00,24.0,2021-04-12 20:00:00,2021/04/12/2000Z,22.8,215° @ 12
6868,2021-04-13 04:00:00,24.0,2021-04-12 21:00:00,2021/04/12/2100Z,22.6,215° @ 11
6869,2021-04-13 05:00:00,,2021-04-12 22:00:00,2021/04/12/2200Z,22.4,225° @ 11
6870,2021-04-13 06:00:00,24.0,2021-04-12 23:00:00,2021/04/12/2300Z,22.4,235° @ 11
6871,2021-04-13 07:00:00,24.0,2021-04-13 00:00:00,2021/04/13/0000Z,23.4,255° @ 10
6872,2021-04-13 08:00:00,,2021-04-13 01:00:00,2021/04/13/0100Z,25.9,260° @ 9
6873,2021-04-13 09:00:00,25.0,2021-04-13 02:00:00,2021/04/13/0200Z,28.6,260° @ 9
6874,2021-04-13 10:00:00,25.0,2021-04-13 03:00:00,2021/04/13/0300Z,31.0,260° @ 8
6875,2021-04-13 11:00:00,,2021-04-13 04:00:00,2021/04/13/0400Z,33.1,240° @ 5
6876,2021-04-13 12:00:00,25.0,2021-04-13 05:00:00,2021/04/13/0500Z,34.8,230° @ 6
6877,2021-04-13 13:00:00,25.0,2021-04-13 06:00:00,2021/04/13/0600Z,35.9,220° @ 5
6878,2021-04-13 14:00:00,25.0,2021-04-13 07:00:00,2021/04/13/0700Z,36.2,195° @ 6
6879,2021-04-13 15:00:00,25.0,2021-04-13 08:00:00,2021/04/13/0800Z,35.7,175° @ 12
6880,2021-04-13 16:00:00,25.0,2021-04-13 09:00:00,2021/04/13/0900Z,34.1,225° @ 14
6881,2021-04-13 17:00:00,25.0,2021-04-13 10:00:00,2021/04/13/1000Z,27.0,225° @ 14
6882,2021-04-13 18:00:00,,2021-04-13 11:00:00,2021/04/13/1100Z,25.8,310° @ 16
6883,2021-04-13 19:00:00,25.0,2021-04-13 12:00:00,2021/04/13/1200Z,23.3,300° @ 16
6884,2021-04-13 20:00:00,25.0,2021-04-13 13:00:00,2021/04/13/1300Z,22.8,285° @ 13
6885,2021-04-13 21:00:00,24.0,2021-04-13 14:00:00,2021/04/13/1400Z,22.8,190° @ 9
6886,2021-04-13 22:00:00,24.0,2021-04-13 15:00:00,2021/04/13/1500Z,22.6,200° @ 19
6887,2021-04-13 23:00:00,24.0,2021-04-13 16:00:00,2021/04/13/1600Z,22.4,210° @ 13
6888,2021-04-14 00:00:00,24.0,2021-04-13 17:00:00,2021/04/13/1700Z,22.2,240° @ 12
6889,2021-04-14 01:00:00,,2021-04-13 18:00:00,2021/04/13/1800Z,22.0,250° @ 13
6890,2021-04-14 02:00:00,25.0,2021-04-13 19:00:00,2021/04/13/1900Z,21.8,260° @ 15
6891,2021-04-14 03:00:00,25.0,2021-04-13 20:00:00,2021/04/13/2000Z,21.7,260° @ 15
6892,2021-04-14 04:00:00,,2021-04-13 21:00:00,2021/04/13/2100Z,21.5,270° @ 14
6893,2021-04-14 05:00:00,25.0,2021-04-13 22:00:00,2021/04/13/2200Z,21.4,270° @ 13
6894,2021-04-14 06:00:00,26.0,2021-04-13 23:00:00,2021/04/13/2300Z,21.2,270° @ 12
6895,2021-04-14 07:00:00,26.0,2021-04-14 00:00:00,2021/04/14/0000Z,22.3,265° @ 10
6896,2021-04-14 08:00:00,,2021-04-14 01:00:00,2021/04/14/0100Z,24.6,265° @ 9
6897,2021-04-14 09:00:00,26.0,2021-04-14 02:00:00,2021/04/14/0200Z,27.5,260° @ 8
6898,2021-04-14 10:00:00,26.0,2021-04-14 03:00:00,2021/04/14/0300Z,30.5,260° @ 8
6899,2021-04-14 11:00:00,26.0,2021-04-14 04:00:00,2021/04/14/0400Z,32.7,260° @ 7
6900,2021-04-14 12:00:00,26.0,2021-04-14 05:00:00,2021/04/14/0500Z,34.1,250° @ 6
6901,2021-04-14 13:00:00,26.0,2021-04-14 06:00:00,2021/04/14/0600Z,35.0,265° @ 5
6902,2021-04-14 14:00:00,26.0,2021-04-14 07:00:00,2021/04/14/0700Z,34.5,150° @ 5
6903,2021-04-14 15:00:00,26.0,2021-04-14 08:00:00,2021/04/14/0800Z,27.7,170° @ 6
6904,2021-04-14 16:00:00,26.0,2021-04-14 09:00:00,2021/04/14/0900Z,23.4,290° @ 3
6905,2021-04-14 17:00:00,26.0,2021-04-14 10:00:00,2021/04/14/1000Z,22.1,250° @ 8
6906,2021-04-14 18:00:00,,2021-04-14 11:00:00,2021/04/14/1100Z,22.2,265° @ 22
6907,2021-04-14 19:00:00,,2021-04-14 12:00:00,2021/04/14/1200Z,22.1,245° @ 13
6908,2021-04-14 20:00:00,26.0,2021-04-14 13:00:00,2021/04/14/1300Z,22.2,210° @ 23
6909,2021-04-14 21:00:00,26.0,2021-04-14 14:00:00,2021/04/14/1400Z,22.2,210° @ 23
6910,2021-04-14 22:00:00,26.0,2021-04-14 15:00:00,2021/04/14/1500Z,21.9,215° @ 18
6911,2021-04-14 23:00:00,26.0,2021-04-14 16:00:00,2021/04/14/1600Z,21.8,240° @ 16
6912,2021-04-15 00:00:00,26.0,2021-04-14 17:00:00,2021/04/14/1700Z,21.4,255° @ 15
6913,2021-04-15 01:00:00,27.0,2021-04-14 18:00:00,2021/04/14/1800Z,21.1,270° @ 16
6914,2021-04-15 02:00:00,26.0,2021-04-14 19:00:00,2021/04/14/1900Z,21.1,270° @ 17
6915,2021-04-15 03:00:00,,2021-04-14 20:00:00,2021/04/14/2000Z,20.9,270° @ 18
6916,2021-04-15 04:00:00,26.0,2021-04-14 21:00:00,2021/04/14/2100Z,20.7,275° @ 20
6917,2021-04-15 05:00:00,26.0,2021-04-14 22:00:00,2021/04/14/2200Z,20.6,275° @ 20
6918,2021-04-15 06:00:00,26.0,2021-04-14 23:00:00,2021/04/14/2300Z,20.4,280° @ 20
6919,2021-04-15 07:00:00,,2021-04-15 00:00:00,2021/04/15/0000Z,21.4,285° @ 18
6920,2021-04-15 08:00:00,26.0,2021-04-15 01:00:00,2021/04/15/0100Z,23.4,290° @ 16
6921,2021-04-15 09:00:00,25.0,2021-04-15 02:00:00,2021/04/15/0200Z,25.9,290° @ 14
6922,2021-04-15 10:00:00,,2021-04-15 03:00:00,2021/04/15/0300Z,28.4,295° @ 12
6923,2021-04-15 11:00:00,25.0,2021-04-15 04:00:00,2021/04/15/0400Z,30.7,300° @ 11
6924,2021-04-15 12:00:00,25.0,2021-04-15 05:00:00,2021/04/15/0500Z,30.7,300° @ 10
6925,2021-04-15 13:00:00,,2021-04-15 06:00:00,2021/04/15/0600Z,33.9,300° @ 7
6926,2021-04-15 14:00:00,25.0,2021-04-15 07:00:00,2021/04/15/0700Z,34.7,305° @ 3
6927,2021-04-15 15:00:00,25.0,2021-04-15 08:00:00,2021/04/15/0800Z,34.9,170° @ 3
6928,2021-04-15 16:00:00,25.0,2021-04-15 09:00:00,2021/04/15/0900Z,34.2,180° @ 9
6929,2021-04-15 17:00:00,26.0,2021-04-15 10:00:00,2021/04/15/1000Z,33.7,195° @ 7
6930,2021-04-15 18:00:00,26.0,2021-04-15 11:00:00,2021/04/15/1100Z,31.6,195° @ 13
6931,2021-04-15 19:00:00,26.0,2021-04-15 12:00:00,2021/04/15/1200Z,28.5,195° @ 11
6932,2021-04-15 20:00:00,28.0,2021-04-15 13:00:00,2021/04/15/1300Z,27.0,195° @ 14
6933,2021-04-15 21:00:00,28.0,2021-04-15 14:00:00,2021/04/15/1400Z,26.0,190° @ 13
6934,2021-04-15 22:00:00,28.0,2021-04-15 15:00:00,2021/04/15/1500Z,25.2,195° @ 15
6935,2021-04-15 23:00:00,29.0,2021-04-15 16:00:00,2021/04/15/1600Z,24.8,215° @ 16
6936,2021-04-16 00:00:00,,2021-04-15 17:00:00,2021/04/15/1700Z,24.4,230° @ 16
6937,2021-04-16 01:00:00,30.0,2021-04-15 18:00:00,2021/04/15/1800Z,24.1,245° @ 15
6938,2021-04-16 02:00:00,31.0,2021-04-15 19:00:00,2021/04/15/1900Z,23.8,265° @ 14
6939,2021-04-16 03:00:00,,2021-04-15 20:00:00,2021/04/15/2000Z,23.5,275° @ 13
6940,2021-04-16 04:00:00,32.0,2021-04-15 21:00:00,2021/04/15/2100Z,23.2,280° @ 12
6941,2021-04-16 05:00:00,32.0,2021-04-15 22:00:00,2021/04/15/2200Z,23.0,275° @ 11
6942,2021-04-16 06:00:00,33.0,2021-04-15 23:00:00,2021/04/15/2300Z,22.7,270° @ 9
6943,2021-04-16 07:00:00,33.0,2021-04-16 00:00:00,2021/04/16/0000Z,23.7,270° @ 7
6944,2021-04-16 08:00:00,34.0,2021-04-16 01:00:00,2021/04/16/0100Z,26.4,275° @ 6
6945,2021-04-16 09:00:00,34.0,2021-04-16 02:00:00,2021/04/16/0200Z,28.5,275° @ 5
6946,2021-04-16 10:00:00,35.0,2021-04-16 03:00:00,2021/04/16/0300Z,30.8,285° @ 4
6947,2021-04-16 11:00:00,36.0,2021-04-16 04:00:00,2021/04/16/0400Z,32.0,285° @ 4
6948,2021-04-16 12:00:00,36.0,2021-04-16 05:00:00,2021/04/16/0500Z,32.0,190° @ 1
6949,2021-04-16 13:00:00,36.0,2021-04-16 06:00:00,2021/04/16/0600Z,35.6,155° @ 3
6950,2021-04-16 14:00:00,,2021-04-16 07:00:00,2021/04/16/0700Z,35.8,165° @ 6
6951,2021-04-16 15:00:00,37.0,2021-04-16 08:00:00,2021/04/16/0800Z,35.7,145° @ 10
6952,2021-04-16 16:00:00,37.0,2021-04-16 09:00:00,2021/04/16/0900Z,35.2,180° @ 5
6953,2021-04-16 17:00:00,37.0,2021-04-16 10:00:00,2021/04/16/1000Z,33.7,210° @ 8
6954,2021-04-16 18:00:00,37.0,2021-04-16 11:00:00,2021/04/16/1100Z,27.2,255° @ 7
6955,2021-04-16 19:00:00,37.0,2021-04-16 12:00:00,2021/04/16/1200Z,23.0,225° @ 14
6956,2021-04-16 20:00:00,36.0,2021-04-16 13:00:00,2021/04/16/1300Z,21.9,280° @ 3
6957,2021-04-16 21:00:00,36.0,2021-04-16 14:00:00,2021/04/16/1400Z,21.5,360° @ 10
6958,2021-04-16 22:00:00,36.0,2021-04-16 15:00:00,2021/04/16/1500Z,21.7,345° @ 13
6959,2021-04-16 23:00:00,35.0,2021-04-16 16:00:00,2021/04/16/1600Z,21.9,340° @ 15
6960,2021-04-17 00:00:00,35.0,2021-04-16 17:00:00,2021/04/16/1700Z,22.0,345° @ 12
6961,2021-04-17 01:00:00,35.0,2021-04-16 18:00:00,2021/04/16/1800Z,21.7,335° @ 9
6962,2021-04-17 02:00:00,,2021-04-16 19:00:00,2021/04/16/1900Z,21.6,335° @ 8
6963,2021-04-17 03:00:00,34.0,2021-04-16 20:00:00,2021/04/16/2000Z,21.6,355° @ 10
6964,2021-04-17 04:00:00,34.0,2021-04-16 21:00:00,2021/04/16/2100Z,20.9,10° @ 6
6965,2021-04-17 05:00:00,34.0,2021-04-16 22:00:00,2021/04/16/2200Z,20.7,40° @ 3
6966,2021-04-17 06:00:00,,2021-04-16 23:00:00,2021/04/16/2300Z,20.8,75° @ 5
6967,2021-04-17 07:00:00,33.0,2021-04-17 00:00:00,2021/04/17/0000Z,21.1,100° @ 8
6968,2021-04-17 08:00:00,32.0,2021-04-17 01:00:00,2021/04/17/0100Z,22.1,120° @ 8
6969,2021-04-17 09:00:00,32.0,2021-04-17 02:00:00,2021/04/17/0200Z,23.8,120° @ 8
6970,2021-04-17 10:00:00,32.0,2021-04-17 03:00:00,2021/04/17/0300Z,25.1,150° @ 9
6971,2021-04-17 11:00:00,31.0,2021-04-17 04:00:00,2021/04/17/0400Z,24.6,165° @ 9
6972,2021-04-17 12:00:00,31.0,2021-04-17 05:00:00,2021/04/17/0500Z,23.0,185° @ 10
6973,2021-04-17 13:00:00,30.0,2021-04-17 06:00:00,2021/04/17/0600Z,21.9,195° @ 13
6974,2021-04-17 14:00:00,30.0,2021-04-17 07:00:00,2021/04/17/0700Z,21.2,200° @ 13
6975,2021-04-17 15:00:00,29.0,2021-04-17 08:00:00,2021/04/17/0800Z,21.1,205° @ 12
6976,2021-04-17 16:00:00,28.0,2021-04-17 09:00:00,2021/04/17/0900Z,21.4,200° @ 14
6977,2021-04-17 17:00:00,28.0,2021-04-17 10:00:00,2021/04/17/1000Z,21.8,200° @ 14
6978,2021-04-17 18:00:00,27.0,2021-04-17 11:00:00,2021/04/17/1100Z,22.1,215° @ 11
6979,2021-04-17 19:00:00,27.0,2021-04-17 12:00:00,2021/04/17/1200Z,21.4,215° @ 11
6980,2021-04-17 20:00:00,27.0,2021-04-17 13:00:00,2021/04/17/1300Z,21.0,215° @ 8
6981,2021-04-17 21:00:00,26.0,2021-04-17 14:00:00,2021/04/17/1400Z,20.9,205° @ 6
6982,2021-04-17 22:00:00,26.0,2021-04-17 15:00:00,2021/04/17/1500Z,20.8,205° @ 5
6983,2021-04-17 23:00:00,26.0,2021-04-17 16:00:00,2021/04/17/1600Z,20.8,225° @ 4
6984,2021-04-18 00:00:00,,2021-04-17 17:00:00,2021/04/17/1700Z,20.5,235° @ 3
6985,2021-04-18 01:00:00,24.0,2021-04-17 18:00:00,2021/04/17/1800Z,20.2,280° @ 3
6986,2021-04-18 02:00:00,24.0,2021-04-17 19:00:00,2021/04/17/1900Z,20.1,280° @ 3
6987,2021-04-18 03:00:00,23.0,2021-04-17 20:00:00,2021/04/17/2000Z,20.0,310° @ 6
6988,2021-04-18 04:00:00,22.0,2021-04-17 21:00:00,2021/04/17/2100Z,20.2,310° @ 7
6989,2021-04-18 05:00:00,,2021-04-17 22:00:00,2021/04/17/2200Z,20.0,305° @ 7
6990,2021-04-18 06:00:00,21.0,2021-04-17 23:00:00,2021/04/17/2300Z,19.7,305° @ 7
6991,2021-04-18 07:00:00,21.0,2021-04-18 00:00:00,2021/04/18/0000Z,20.8,305° @ 6
6992,2021-04-18 08:00:00,20.0,2021-04-18 01:00:00,2021/04/18/0100Z,23.0,300° @ 4
6993,2021-04-18 09:00:00,19.0,2021-04-18 02:00:00,2021/04/18/0200Z,25.3,290° @ 5
6994,2021-04-18 10:00:00,19.0,2021-04-18 03:00:00,2021/04/18/0300Z,27.8,285° @ 5
6995,2021-04-18 11:00:00,,2021-04-18 04:00:00,2021/04/18/0400Z,29.9,290° @ 6
6996,2021-04-18 12:00:00,18.0,2021-04-18 05:00:00,2021/04/18/0500Z,31.5,285° @ 5
6997,2021-04-18 13:00:00,17.0,2021-04-18 06:00:00,2021/04/18/0600Z,32.3,285° @ 8
6998,2021-04-18 14:00:00,17.0,2021-04-18 07:00:00,2021/04/18/0700Z,31.8,280° @ 8
6999,2021-04-18 15:00:00,16.0,2021-04-18 08:00:00,2021/04/18/0800Z,30.6,275° @ 8
